0.000000000000000000e+00,-0.000000000000000000e+00
2.083333333333333218e-02,-0.000000000000000000e+00
4.166666666666666435e-02,1.424638622498417603e-03
6.250000000000000000e-02,-3.229791973676950350e-03
8.333333333333332871e-02,-2.341662442195868027e-03
1.041666666666666574e-01,2.872313188911096871e-03
1.250000000000000000e-01,-8.109286116915755778e-04
1.458333333333333148e-01,-1.767146358520437117e-03
1.666666666666666574e-01,5.954324767582027007e-03
1.875000000000000000e-01,7.662811494656258937e-03
2.083333333333333148e-01,-3.062708863307770247e-03
2.291666666666666574e-01,-1.026892609487837366e-02
2.500000000000000000e-01,-3.860586872273743305e-03
2.708333333333333148e-01,-1.847285496513815085e-04
2.916666666666666297e-01,-1.012177095306784035e-02
3.125000000000000000e-01,-1.732144921443992680e-02
3.333333333333333148e-01,-1.090261372062215940e-02
3.541666666666666297e-01,-7.216206109415440433e-03
3.750000000000000000e-01,-1.244510086224541803e-02
3.958333333333333148e-01,-1.180383148529835953e-02
4.166666666666666297e-01,1.347564000693129461e-03
4.375000000000000000e-01,1.101408580378932314e-02
4.583333333333333148e-01,7.065436906314632309e-03
4.791666666666666297e-01,5.860111176627221842e-03
5.000000000000000000e-01,1.539926227142744339e-02
5.208333333333332593e-01,2.030455036486465345e-02
5.416666666666666297e-01,1.160159899684550487e-02
5.625000000000000000e-01,5.631353719089730869e-03
5.833333333333332593e-01,1.326212963017300676e-02
6.041666666666666297e-01,1.814974968387966445e-02
6.250000000000000000e-01,9.413771470203018479e-03
6.458333333333332593e-01,3.384373243248474730e-03
6.666666666666666297e-01,1.095298853368763606e-02
6.875000000000000000e-01,1.576761365500960535e-02
7.083333333333332593e-01,6.973422163875271813e-03
7.291666666666666297e-01,9.152598981763735266e-04
7.500000000000000000e-01,8.486169762757764939e-03
7.708333333333332593e-01,1.337161010721258161e-02
7.916666666666666297e-01,4.684118734303850499e-03
8.125000000000000000e-01,-1.204685202777257269e-03
8.333333333333332593e-01,6.528457288331181510e-03
8.541666666666666297e-01,1.161008589296713515e-02
8.750000000000000000e-01,3.041105811961083982e-03
8.958333333333332593e-01,-2.841933039764372830e-03
9.166666666666666297e-01,4.157345260750404566e-03
9.375000000000000000e-01,7.799038679204756998e-03
9.583333333333332593e-01,-2.399329024008549447e-03
9.791666666666666297e-01,-1.024028008778148438e-02
1.000000000000000000e+00,-4.618182634094432533e-03
1.020833333333333259e+00,-2.063167701977611321e-03
1.041666666666666519e+00,-1.303125129316771297e-02
1.062500000000000000e+00,-2.124930085328397347e-02
1.083333333333333259e+00,-1.551012450633317691e-02
1.104166666666666519e+00,-1.217364150849126019e-02
1.125000000000000000e+00,-2.209723923530903383e-02
1.145833333333333259e+00,-2.893297887003456331e-02
1.166666666666666519e+00,-2.153577953524529048e-02
1.187500000000000000e+00,-1.616811368865197704e-02
1.208333333333333259e+00,-2.407687977471247021e-02
1.229166666666666519e+00,-2.866256662028178817e-02
1.250000000000000000e+00,-1.888583974446221905e-02
1.270833333333333259e+00,-1.125672115744902856e-02
1.291666666666666519e+00,-1.681814814139816205e-02
1.312500000000000000e+00,-1.878476916522612422e-02
1.333333333333333259e+00,-6.185555350622242744e-03
1.354166666666666519e+00,4.439921326282257608e-03
1.375000000000000000e+00,1.992979802797349188e-03
1.395833333333333259e+00,3.122332419054336602e-03
1.416666666666666519e+00,1.360226548186636679e-02
1.437500000000000000e+00,1.865386215618656737e-02
1.458333333333333259e+00,1.030959517363061462e-02
1.479166666666666519e+00,5.164953938057870002e-03
1.500000000000000000e+00,1.340885266397043481e-02
1.520833333333333259e+00,1.887539500534027651e-02
1.541666666666666519e+00,1.072375921804407349e-02
1.562500000000000000e+00,5.452316039842228929e-03
1.583333333333333259e+00,1.343132871948848200e-02
1.604166666666666519e+00,1.882569449545111115e-02
1.625000000000000000e+00,1.058608903946411418e-02
1.645833333333333259e+00,4.819853089537163952e-03
1.666666666666666519e+00,1.210352728928977550e-02
1.687500000000000000e+00,1.631979359120018860e-02
1.708333333333333259e+00,6.618543848706506284e-03
1.729166666666666519e+00,-1.193281786582078147e-03
1.750000000000000000e+00,3.826064787661618768e-03
1.770833333333333259e+00,5.509183497212270450e-03
1.791666666666666519e+00,-5.735435628404406301e-03
1.812500000000000000e+00,-1.432824418876420779e-02
1.833333333333333259e+00,-1.020733971745133029e-02
1.854166666666666519e+00,-7.886507996067503717e-03
1.875000000000000000e+00,-1.256503578227376357e-02
1.895833333333333259e+00,-1.121178544320433623e-02
1.916666666666666519e+00,-2.341338369564143276e-03
1.937500000000000000e+00,-4.862024658150125708e-04
1.958333333333333259e+00,-5.765099514386401620e-03
1.979166666666666519e+00,-4.041177946097039217e-03
2.000000000000000000e+00,3.611353527840462183e-03
2.020833333333333037e+00,3.284474776509452559e-03
2.041666666666666519e+00,3.796770687972987265e-04
2.062500000000000000e+00,7.233127487561228156e-03
2.083333333333333037e+00,1.154947363356659436e-02
2.104166666666666519e+00,2.134873665091439193e-03
2.125000000000000000e+00,-4.415384738827296714e-03
2.145833333333333037e+00,2.536952841115535599e-03
2.166666666666666519e+00,7.042382297268512566e-03
2.187500000000000000e+00,-2.144817005351222754e-03
2.208333333333333037e+00,-8.524147474760799398e-03
2.229166666666666519e+00,-1.391053102847089520e-03
2.250000000000000000e+00,3.351231466377547780e-03
2.270833333333333037e+00,-5.662772238435960157e-03
2.291666666666666519e+00,-1.191685131867068273e-02
2.312500000000000000e+00,-4.659032615506743247e-03
2.333333333333333037e+00,2.078851956657271028e-04
2.354166666666666519e+00,-8.447666834524083027e-03
2.375000000000000000e+00,-1.416241555772291411e-02
2.395833333333333037e+00,-6.376116746140770945e-03
2.416666666666666519e+00,-1.106768512180205093e-03
2.437500000000000000e+00,-7.870708741185145074e-03
2.458333333333333037e+00,-1.051766237304666007e-02
2.479166666666666519e+00,2.952050631253584460e-04
2.500000000000000000e+00,8.374311152117404344e-03
2.520833333333333037e+00,2.780640250177102580e-03
2.541666666666666519e+00,1.804600560460820448e-04
2.562500000000000000e+00,1.107601488858984094e-02
2.583333333333333037e+00,1.922015910632501531e-02
2.604166666666666519e+00,1.370589615461388459e-02
2.625000000000000000e+00,1.137322067304280711e-02
2.645833333333333037e+00,2.154595877363894504e-02
2.666666666666666519e+00,2.839968100751065483e-02
2.687500000000000000e+00,2.154744906448851152e-02
2.708333333333333037e+00,1.765253695572560622e-02
2.729166666666666519e+00,2.315433082044510496e-02
2.750000000000000000e+00,2.346232814580510515e-02
2.770833333333333037e+00,1.009288632520667639e-02
2.791666666666666519e+00,-4.623060503502790151e-04
2.812500000000000000e+00,2.510028219544581385e-03
2.833333333333333037e+00,3.147069587982882603e-03
2.854166666666666519e+00,-9.079221264424184104e-03
2.875000000000000000e+00,-1.801143221497539249e-02
2.895833333333333037e+00,-1.341235044783286277e-02
2.916666666666666519e+00,-1.115347631689648719e-02
2.937500000000000000e+00,-1.948269108583849940e-02
2.958333333333333037e+00,-2.295597633227859993e-02
2.979166666666666519e+00,-1.291577461202818300e-02
3.000000000000000000e+00,-5.292152319177086291e-03
3.020833333333333037e+00,-1.142269605978933796e-02
3.041666666666666519e+00,-1.488966959495210095e-02
3.062500000000000000e+00,-4.956785558453817922e-03
3.083333333333333037e+00,2.477263434145775267e-03
3.104166666666666519e+00,-3.828832095212705237e-03
3.125000000000000000e+00,-7.256260489118333129e-03
3.145833333333333037e+00,2.800630581587246377e-03
3.166666666666666519e+00,1.032156891912388783e-02
3.187500000000000000e+00,4.138983057177312089e-03
3.208333333333333037e+00,8.940128210437553544e-04
3.229166666666666519e+00,1.112363739123169333e-02
3.250000000000000000e+00,1.876015193452932120e-02
3.270833333333333037e+00,1.268198358403120618e-02
3.291666666666666519e+00,9.597414057158974027e-03
3.312500000000000000e+00,1.460498484796472762e-02
3.333333333333333037e+00,1.337875114439200652e-02
3.354166666666666519e+00,1.834213500381752428e-03
3.375000000000000000e+00,-4.374024631005979033e-03
3.395833333333333037e+00,2.870202554339730018e-03
3.416666666666666519e+00,7.349893511219655722e-03
3.437500000000000000e+00,-1.836182336776512498e-03
3.458333333333333037e+00,-7.819607351633461184e-03
3.479166666666666519e+00,-3.728191295627393174e-04
3.500000000000000000e+00,4.202840455090336297e-03
3.520833333333333037e+00,-4.859971955378463229e-03
3.541666666666666519e+00,-1.077247588501076790e-02
3.562500000000000000e+00,-3.011919152976291845e-03
3.583333333333333037e+00,2.099460261370001638e-03
3.604166666666666519e+00,-6.056553197870776298e-03
3.625000000000000000e+00,-1.084019215268465161e-02
3.645833333333333037e+00,-1.663783498800778951e-03
3.666666666666666519e+00,5.189192003145824336e-03
3.687500000000000000e+00,-7.475496579886524093e-04
3.708333333333333037e+00,-3.436548864178506305e-03
3.729166666666666519e+00,3.069124760290951187e-03
3.750000000000000000e+00,4.270325646756072471e-03
3.770833333333333037e+00,-7.357277998334342019e-03
3.791666666666666519e+00,-1.573332277343538269e-02
3.812500000000000000e+00,-9.624361658805435232e-03
3.833333333333333037e+00,-5.570421124447078390e-03
3.854166666666666519e+00,-1.467774673541202141e-02
3.875000000000000000e+00,-2.109530488926937564e-02
3.895833333333333037e+00,-1.337204564760582394e-02
3.916666666666666519e+00,-8.158127463779705005e-03
3.937500000000000000e+00,-1.650945742973103023e-02
3.958333333333333037e+00,-2.256596886404490035e-02
3.979166666666666519e+00,-1.485936873673980065e-02
4.000000000000000000e+00,-9.894466574093978284e-03
4.020833333333333037e+00,-1.535474083381108655e-02
4.041666666666666075e+00,-1.640005485066392543e-02
4.062500000000000000e+00,-3.683549706796413435e-03
4.083333333333333037e+00,6.438030122679182753e-03
4.104166666666666075e+00,3.113591317821363166e-03
4.125000000000000000e+00,2.134842519730432379e-03
4.145833333333333037e+00,1.468622028085521912e-02
4.166666666666666075e+00,2.432962869847738255e-02
4.187500000000000000e+00,2.047429814359726444e-02
4.208333333333333037e+00,1.864840974435120341e-02
4.229166666666666075e+00,2.439982695504578844e-02
4.250000000000000000e+00,2.320558933310137503e-02
4.270833333333333037e+00,1.318016727806274081e-02
4.291666666666666075e+00,9.031606110274063501e-03
4.312500000000000000e+00,1.699765422967402378e-02
4.333333333333333037e+00,2.102325449978813612e-02
4.354166666666666075e+00,1.086582153769000483e-02
4.375000000000000000e+00,2.958442252110691627e-03
4.395833333333333037e+00,7.822448733017767220e-03
4.416666666666666075e+00,9.109941201562559918e-03
4.437500000000000000e+00,-4.008494100628604007e-03
4.458333333333333037e+00,-1.487724598870542730e-02
4.479166666666666075e+00,-1.275635151273831966e-02
4.500000000000000000e+00,-1.030275628236403465e-02
4.520833333333333037e+00,-1.708671436807883068e-02
4.541666666666666075e+00,-2.004017624411013471e-02
4.562500000000000000e+00,-1.022708923191980625e-02
4.583333333333333037e+00,-3.826693381306521449e-03
4.604166666666666075e+00,-1.166084500948120703e-02
4.625000000000000000e+00,-1.739054421619687721e-02
4.645833333333333037e+00,-1.033412564212825291e-02
4.666666666666666075e+00,-6.744350668853064598e-03
4.687500000000000000e+00,-1.341527969591891668e-02
4.708333333333333037e+00,-1.533331597757470882e-02
4.729166666666666075e+00,-4.364261056018303199e-03
4.750000000000000000e+00,3.317318864202129652e-03
4.770833333333333037e+00,-3.442573843363519199e-03
4.791666666666666075e+00,-8.399745358509231111e-03
4.812500000000000000e+00,-5.282706403235716813e-04
4.833333333333333037e+00,4.087488877108448604e-03
4.854166666666666075e+00,-3.880431786348160789e-03
4.875000000000000000e+00,-8.699537117753824295e-03
4.895833333333333037e+00,-5.884912553949926033e-04
4.916666666666666075e+00,4.230622338771916624e-03
4.937500000000000000e+00,-2.659642227783634225e-03
4.958333333333333037e+00,-5.816283802801401961e-03
4.979166666666666075e+00,3.821438351564169188e-03
5.000000000000000000e+00,9.959893055608974935e-03
5.020833333333333037e+00,1.694448511065088561e-03
5.041666666666666075e+00,-4.452559937212451774e-03
5.062500000000000000e+00,2.156468882621242079e-03
5.083333333333333037e+00,5.518258169909757982e-03
5.104166666666666075e+00,1.968260913741050160e-03
5.125000000000000000e+00,5.472658776111010565e-03
5.145833333333333037e+00,1.226459628479067282e-02
5.166666666666666075e+00,9.305119596799764706e-03
5.187500000000000000e+00,8.578796758685509893e-03
5.208333333333333037e+00,1.987179863505182317e-02
5.229166666666666075e+00,2.685780457087591500e-02
5.250000000000000000e+00,1.938156277482855003e-02
5.270833333333333037e+00,1.389828734648885025e-02
5.291666666666666075e+00,2.147939488192578822e-02
5.312500000000000000e+00,2.579287433906535948e-02
5.333333333333333037e+00,1.576765832878389978e-02
5.354166666666666075e+00,7.691492625570887920e-03
5.375000000000000000e+00,1.255969872078328831e-02
5.395833333333333037e+00,1.388397677881365866e-02
5.416666666666666075e+00,9.396775729093017953e-04
5.437500000000000000e+00,-1.005679156262708276e-02
5.458333333333333037e+00,-8.258982164503965787e-03
5.479166666666666075e+00,-6.189490974225993897e-03
5.500000000000000000e+00,-1.318085722837928839e-02
5.520833333333333037e+00,-1.649137121914135903e-02
5.541666666666666075e+00,-7.071108870235334742e-03
5.562500000000000000e+00,-1.163795886874024327e-03
5.583333333333333037e+00,-9.390209734112737669e-03
5.604166666666666075e+00,-1.570256636812097234e-02
5.625000000000000000e+00,-9.310047183351696787e-03
5.645833333333333037e+00,-6.432828884140420408e-03
5.666666666666666075e+00,-1.359571404761567709e-02
5.687500000000000000e+00,-1.606169195676874009e-02
5.708333333333333037e+00,-5.635703601584452112e-03
5.729166666666666075e+00,1.445999474233325465e-03
5.750000000000000000e+00,-5.565095223076301292e-03
5.770833333333333037e+00,-1.065999416245208727e-02
5.791666666666666075e+00,-3.004004408050117356e-03
5.812500000000000000e+00,1.344411445098590147e-03
5.833333333333333037e+00,-7.535036017086463485e-03
5.854166666666666075e+00,-1.386850427046398132e-02
5.875000000000000000e+00,-7.392072617885704806e-03
5.895833333333333037e+00,-4.143029692866951642e-03
5.916666666666666075e+00,-7.420113414220631635e-03
5.937500000000000000e+00,-3.767791598798784364e-03
5.958333333333333037e+00,3.714057415301336932e-03
5.979166666666666075e+00,1.679512840803334918e-03
6.000000000000000000e+00,1.654264726660977392e-03
6.020833333333333037e+00,1.284871541120146884e-02
6.041666666666666075e+00,1.954544169519320529e-02
6.062500000000000000e+00,1.180826241777130012e-02
6.083333333333333037e+00,6.087792090638545137e-03
6.104166666666666075e+00,1.323616993914714796e-02
6.125000000000000000e+00,1.697414862605595501e-02
6.145833333333333037e+00,6.284999691803390930e-03
6.166666666666666075e+00,-2.433446524301113075e-03
6.187500000000000000e+00,1.649531947779292202e-03
6.208333333333333037e+00,2.595384541728953422e-03
6.229166666666666075e+00,-3.166198938293737254e-03
6.250000000000000000e+00,-1.919327292312559326e-03
6.270833333333333037e+00,4.165408642542695050e-03
6.291666666666666075e+00,1.405598762146536727e-03
6.312500000000000000e+00,5.740719469815044971e-04
6.333333333333333037e+00,8.597766752645090091e-03
6.354166666666666075e+00,1.025500947431379553e-02
6.375000000000000000e+00,-2.819854441346281138e-04
6.395833333333333037e+00,-7.214974524792950282e-03
6.416666666666666075e+00,-5.957957285328134870e-04
6.437500000000000000e+00,2.799722364885241527e-03
6.458333333333333037e+00,-7.394584302046634285e-03
6.479166666666666075e+00,-1.495774128806913808e-02
6.500000000000000000e+00,-8.698959192570226290e-03
6.520833333333333037e+00,-5.284637522220712001e-03
6.541666666666666075e+00,-1.103063899903772120e-02
6.562500000000000000e+00,-1.108747322666958982e-02
6.583333333333333037e+00,2.310250028439166190e-03
6.604166666666666075e+00,1.202963419044343098e-02
6.625000000000000000e+00,7.424417630418143899e-03
6.645833333333333037e+00,5.645694079417661396e-03
6.666666666666666075e+00,1.501043093058934338e-02
6.687500000000000000e+00,1.904246237380943091e-02
6.708333333333333037e+00,8.710262340810471723e-03
6.729166666666666075e+00,1.187774607466312443e-03
6.750000000000000000e+00,8.456631444803434580e-03
6.770833333333333037e+00,1.270806383141592603e-02
6.791666666666666075e+00,2.599256335009415917e-03
6.812500000000000000e+00,-4.718920651608077971e-03
6.833333333333333037e+00,2.317561048202880156e-03
6.854166666666666075e+00,6.072178619375486787e-03
6.875000000000000000e+00,-4.367062829137799765e-03
6.895833333333333037e+00,-1.207374506214037302e-02
6.916666666666666075e+00,-5.444778128139958658e-03
6.937500000000000000e+00,-1.733641995697906895e-03
6.958333333333333037e+00,-1.180359323416196350e-02
6.979166666666666075e+00,-1.920639063307989433e-02
7.000000000000000000e+00,-1.256316910648990620e-02
7.020833333333333037e+00,-8.797321331180597143e-03
7.041666666666666075e+00,-1.695904727599691075e-02
7.062500000000000000e+00,-2.134499872106697047e-02
7.083333333333333037e+00,-1.172926742098980880e-02
7.104166666666666075e+00,-4.917457974672898892e-03
7.125000000000000000e+00,-1.172768207418477780e-02
7.145833333333333037e+00,-1.587786179167126679e-02
7.166666666666666075e+00,-5.935572547906906547e-03
7.187500000000000000e+00,1.482990913239346344e-03
7.208333333333333037e+00,-4.569031929953615290e-03
7.229166666666666075e+00,-7.709067833640316503e-03
7.250000000000000000e+00,3.277968533011382888e-03
7.270833333333333037e+00,1.155919668589283807e-02
7.291666666666666075e+00,6.335227823973604323e-03
7.312500000000000000e+00,3.754628911432560372e-03
7.333333333333333037e+00,1.514802793085561969e-02
7.354166666666666075e+00,2.365067726437172432e-02
7.375000000000000000e+00,1.852941041762711655e-02
7.395833333333333037e+00,1.605396577996042601e-02
7.416666666666666075e+00,2.273874936218931581e-02
7.437500000000000000e+00,2.342045419915508853e-02
7.458333333333333037e+00,1.054431260024535529e-02
7.479166666666666075e+00,3.280073245200225678e-04
7.500000000000000000e+00,4.071454359893641323e-03
7.520833333333333037e+00,4.948297252881205498e-03
7.541666666666666075e+00,-5.054008595317035710e-03
7.562500000000000000e+00,-1.065976560448184292e-02
7.583333333333333037e+00,-2.365571539597268683e-03
7.604166666666666075e+00,3.187664501917566312e-03
7.625000000000000000e+00,-4.717808609744056011e-03
7.645833333333333037e+00,-9.987071393848686446e-03
7.666666666666666075e+00,-1.345765976087699668e-03
7.687500000000000000e+00,4.534461821313415762e-03
7.708333333333333037e+00,-3.057315090404371608e-03
7.729166666666666075e+00,-8.013047726849022515e-03
7.750000000000000000e+00,9.431078121261305541e-04
7.770833333333333037e+00,7.203810269577719250e-03
7.791666666666666075e+00,4.575562558861153784e-05
7.812500000000000000e+00,-4.486313209981580320e-03
7.833333333333333037e+00,4.825234927220352875e-03
7.854166666666666075e+00,1.127700638691989457e-02
7.875000000000000000e+00,4.524260951914231034e-03
7.895833333333333037e+00,6.030097321065254403e-05
7.916666666666666075e+00,8.362390985521528028e-03
7.937500000000000000e+00,2.919622975135169676e-02
7.958333333333333037e+00,6.288279637833683877e-02
7.979166666666666075e+00,1.092746407865803071e-01
8.000000000000000000e+00,1.678317605655420264e-01
8.020833333333332149e+00,2.230894159949188826e-01
8.041666666666666075e+00,2.655442581326417084e-01
8.062500000000000000e+00,3.104149168604295461e-01
8.083333333333332149e+00,3.601072009257555995e-01
8.104166666666666075e+00,4.011792455371707145e-01
8.125000000000000000e+00,4.287957810422634020e-01
8.145833333333332149e+00,4.587263220989427071e-01
8.166666666666666075e+00,4.901832296741019390e-01
8.187500000000000000e+00,5.106732573437325895e-01
8.208333333333332149e+00,5.172717186009266888e-01
8.229166666666666075e+00,5.259922676441020073e-01
8.250000000000000000e+00,5.312383166965576331e-01
8.270833333333332149e+00,5.219495866641620241e-01
8.291666666666666075e+00,5.144130467655434469e-01
8.312500000000000000e+00,5.030609645341310721e-01
8.333333333333332149e+00,4.772541704151503916e-01
8.354166666666666075e+00,4.534354122104090057e-01
8.375000000000000000e+00,4.412693231350564571e-01
8.395833333333332149e+00,4.244593664633389829e-01
8.416666666666666075e+00,3.930478697584594561e-01
8.437500000000000000e+00,3.601083156979282829e-01
8.458333333333332149e+00,3.374180953989872611e-01
8.479166666666666075e+00,3.107766697228669939e-01
8.500000000000000000e+00,2.697712285631992946e-01
8.520833333333332149e+00,2.311122016988567951e-01
8.541666666666666075e+00,2.058165602641727487e-01
8.562500000000000000e+00,1.809135335813154832e-01
8.583333333333332149e+00,1.501432873603698870e-01
8.604166666666666075e+00,1.252344118483296465e-01
8.625000000000000000e+00,1.132095330973807157e-01
8.645833333333332149e+00,9.786842420877779614e-02
8.666666666666666075e+00,6.859820124101233263e-02
8.687500000000000000e+00,4.122720666469682077e-02
8.708333333333332149e+00,2.640386420146545454e-02
8.729166666666666075e+00,2.438050227276895507e-02
8.750000000000000000e+00,1.918808572342437305e-02
8.770833333333332149e+00,7.002860208435292971e-03
8.791666666666666075e+00,1.523076671996577034e-03
8.812500000000000000e+00,8.774234144485611522e-03
8.833333333333332149e+00,1.276280749692140781e-02
8.854166666666666075e+00,3.605075058099702686e-03
8.875000000000000000e+00,-2.872461541374435063e-03
8.895833333333332149e+00,3.375706264303233832e-03
8.916666666666666075e+00,1.680420310435920897e-02
8.937500000000000000e+00,2.292200489304685104e-02
8.958333333333332149e+00,2.580855026478549169e-02
8.979166666666666075e+00,3.800073042488667785e-02
9.000000000000000000e+00,4.682003350229626409e-02
9.020833333333332149e+00,4.495086919927180485e-02
9.041666666666666075e+00,4.740590382683033260e-02
9.062500000000000000e+00,6.262321674364808299e-02
9.083333333333332149e+00,7.452293424019096335e-02
9.104166666666666075e+00,7.199153395604225569e-02
9.125000000000000000e+00,7.125659712564558212e-02
9.145833333333332149e+00,8.331046955123719289e-02
9.166666666666666075e+00,9.211475739285848729e-02
9.187500000000000000e+00,8.646695436439980065e-02
9.208333333333332149e+00,6.774977771831802720e-02
9.229166666666666075e+00,4.705904447045992228e-02
9.250000000000000000e+00,2.038425636293401608e-02
9.270833333333332149e+00,-1.968989371657892465e-02
9.291666666666666075e+00,-6.403031903408998304e-02
9.312500000000000000e+00,-1.039709206824624421e-01
9.333333333333332149e+00,-1.493526014368879440e-01
9.354166666666666075e+00,-2.013759644451698916e-01
9.375000000000000000e+00,-2.468499287655542274e-01
9.395833333333332149e+00,-2.813680265049628981e-01
9.416666666666666075e+00,-3.201844994509016051e-01
9.437500000000000000e+00,-3.643636274845211132e-01
9.458333333333332149e+00,-4.006635016517712256e-01
9.479166666666666075e+00,-4.238882785260593145e-01
9.500000000000000000e+00,-4.453563395933021751e-01
9.520833333333332149e+00,-4.634297526941473233e-01
9.541666666666666075e+00,-4.699757588471987768e-01
9.562500000000000000e+00,-4.766513897182870774e-01
9.583333333333332149e+00,-4.794518322384785369e-01
9.604166666666666075e+00,-4.684983620362022094e-01
9.625000000000000000e+00,-4.600895471150859839e-01
9.645833333333332149e+00,-4.516043134709088469e-01
9.666666666666666075e+00,-4.320001180685151265e-01
9.687500000000000000e+00,-4.101003531727545615e-01
9.708333333333332149e+00,-3.931483906161056807e-01
9.729166666666666075e+00,-3.698704070989227155e-01
9.750000000000000000e+00,-3.355984608555943605e-01
9.770833333333332149e+00,-3.053643276918054372e-01
9.791666666666666075e+00,-2.887609889234606375e-01
9.812500000000000000e+00,-2.692512018126452245e-01
9.833333333333332149e+00,-2.364106251487398391e-01
9.854166666666666075e+00,-2.062419610697289463e-01
9.875000000000000000e+00,-1.891128684244005875e-01
9.895833333333332149e+00,-1.685492960992535927e-01
9.916666666666666075e+00,-1.345268703104016694e-01
9.937500000000000000e+00,-1.031945237423177592e-01
9.958333333333332149e+00,-8.583795185036971476e-02
9.979166666666666075e+00,-6.580802406185350117e-02
1.000000000000000000e+01,-4.333553346522119737e-02
1.002083333333333215e+01,-3.081827981407302824e-02
1.004166666666666607e+01,-1.939535148026558242e-02
1.006250000000000000e+01,-1.608922396067509562e-03
1.008333333333333215e+01,1.024075004122001510e-02
1.010416666666666607e+01,8.779136829403769507e-03
1.012500000000000000e+01,9.669125510763853723e-03
1.014583333333333215e+01,2.404065804447980126e-02
1.016666666666666607e+01,3.555274817863527531e-02
1.018750000000000000e+01,3.371217464726520424e-02
1.020833333333333215e+01,2.504039882674985798e-02
1.022916666666666607e+01,2.371870396080730942e-02
1.025000000000000000e+01,2.117659856206290103e-02
1.027083333333333215e+01,8.506815732828149762e-03
1.029166666666666607e+01,-1.064595735528958969e-04
1.031250000000000000e+01,4.842228331893669302e-03
1.033333333333333215e+01,6.639889411094210270e-03
1.035416666666666607e+01,-4.872173061109842489e-03
1.037500000000000000e+01,-1.351519522763422292e-02
1.039583333333333215e+01,-1.124670314489811460e-02
1.041666666666666607e+01,-1.392199408088102934e-02
1.043750000000000000e+01,-3.009483327696738098e-02
1.045833333333333215e+01,-4.352455422777657540e-02
1.047916666666666607e+01,-4.351381026485579007e-02
1.050000000000000000e+01,-4.664486442067591193e-02
1.052083333333333215e+01,-5.547553316314458860e-02
1.054166666666666607e+01,-5.629412933826013349e-02
1.056250000000000000e+01,-4.930640117456373817e-02
1.058333333333333215e+01,-4.981794680656514290e-02
1.060416666666666607e+01,-5.337204938966582518e-02
1.062500000000000000e+01,-4.666459316642501687e-02
1.064583333333333215e+01,-4.275332899703447598e-02
1.066666666666666607e+01,-5.119682054941337296e-02
1.068750000000000000e+01,-5.508509684038435938e-02
1.070833333333333215e+01,-4.472464594377779934e-02
1.072916666666666607e+01,-3.713220498407022313e-02
1.075000000000000000e+01,-4.415793428552480110e-02
1.077083333333333215e+01,-4.848568028619596598e-02
1.079166666666666607e+01,-3.881408065695114012e-02
1.081250000000000000e+01,-3.171753149309210207e-02
1.083333333333333215e+01,-3.286953468905470799e-02
1.085416666666666607e+01,-2.706939936855940268e-02
1.087500000000000000e+01,-1.326493401897083264e-02
1.089583333333333215e+01,-6.040816616167532863e-03
1.091666666666666607e+01,-1.112356181682122407e-02
1.093750000000000000e+01,-1.210684986174260722e-02
1.095833333333333215e+01,5.866647940289739524e-04
1.097916666666666607e+01,1.061495562614691787e-02
1.100000000000000000e+01,6.578829333181961635e-03
1.102083333333333215e+01,5.431692351179323586e-03
1.104166666666666607e+01,1.801913966196240155e-02
1.106250000000000000e+01,2.791739543327158291e-02
1.108333333333333215e+01,2.384300705449465818e-02
1.110416666666666607e+01,2.273441163954459041e-02
1.112500000000000000e+01,2.765133524727322531e-02
1.114583333333333215e+01,2.475136904511005334e-02
1.116666666666666607e+01,1.721728235066334600e-02
1.118750000000000000e+01,1.885009281715518265e-02
1.120833333333333215e+01,1.745590591071410208e-02
1.122916666666666607e+01,6.403236203038363550e-03
1.125000000000000000e+01,7.737373702966066731e-04
1.127083333333333215e+01,9.020764017408394730e-03
1.129166666666666607e+01,1.421387718251595350e-02
1.131250000000000000e+01,5.499494976156718562e-03
1.133333333333333215e+01,-6.639351451002147670e-04
1.135416666666666607e+01,6.489111321315240571e-03
1.137500000000000000e+01,1.023651332292299133e-02
1.139583333333333215e+01,-5.551507760348122801e-04
1.141666666666666607e+01,-8.958196773476562180e-03
1.143750000000000000e+01,-4.167033192944923602e-03
1.145833333333333215e+01,-2.524720496427532591e-03
1.147916666666666607e+01,-1.519760144340755528e-02
1.150000000000000000e+01,-2.575243590031623883e-02
1.152083333333333215e+01,-2.324778729397877081e-02
1.154166666666666607e+01,-2.260807835591633133e-02
1.156250000000000000e+01,-2.876053886949746577e-02
1.158333333333333215e+01,-2.855305626037747679e-02
1.160416666666666607e+01,-1.957149009644953280e-02
1.162500000000000000e+01,-1.669026496786812572e-02
1.164583333333333215e+01,-2.466374492025581386e-02
1.166666666666666607e+01,-2.829665492515679240e-02
1.168750000000000000e+01,-1.906669743422273119e-02
1.170833333333333215e+01,-1.326773276658196367e-02
1.172916666666666607e+01,-2.188587664905894750e-02
1.175000000000000000e+01,-2.846216831175941986e-02
1.177083333333333215e+01,-2.218791920370394993e-02
1.179166666666666607e+01,-1.326142486934188403e-02
1.181250000000000000e+01,-1.469527171700121121e-02
1.183333333333333215e+01,-1.410198049419296613e-02
1.185416666666666607e+01,-4.007971169760647309e-04
1.187500000000000000e+01,9.484554787149280727e-03
1.189583333333333215e+01,4.043533999498790353e-03
1.191666666666666607e+01,9.313104090347412711e-04
1.193750000000000000e+01,1.166384131412629907e-02
1.195833333333333215e+01,1.860958974061463489e-02
1.197916666666666607e+01,1.008106878394667005e-02
1.200000000000000000e+01,3.871233802623125046e-03
1.202083333333333215e+01,1.143654681848129719e-02
1.204166666666666607e+01,1.523429623714088986e-02
1.206250000000000000e+01,4.238179815866199157e-03
1.208333333333333215e+01,-4.108132035492172152e-03
1.210416666666666607e+01,1.145240731436718978e-03
1.212500000000000000e+01,4.711691443239996412e-03
1.214583333333333215e+01,-5.271413944282369929e-04
1.216666666666666607e+01,-3.025044774639426668e-04
1.218750000000000000e+01,1.184114150198032137e-02
1.220833333333333215e+01,1.949948590634334455e-02
1.222916666666666607e+01,1.208580037122511733e-02
1.225000000000000000e+01,6.595151712132319745e-03
1.227083333333333215e+01,1.457976819253943915e-02
1.229166666666666607e+01,1.939263944327985004e-02
1.231250000000000000e+01,9.221975180165381189e-03
1.233333333333333215e+01,8.439357147478860699e-04
1.235416666666666607e+01,5.878098213004090931e-03
1.237500000000000000e+01,7.802841414618573446e-03
1.239583333333333215e+01,-2.549132256559959869e-03
1.241666666666666607e+01,-9.449741211685675282e-03
1.243750000000000000e+01,-3.146738610845639314e-03
1.245833333333333215e+01,-9.346782476605378412e-05
1.247916666666666607e+01,-9.040058271871723172e-03
1.250000000000000000e+01,-1.428715969801040188e-02
1.252083333333333215e+01,-6.425542060794298647e-03
1.254166666666666607e+01,-1.951259870233233240e-03
1.256250000000000000e+01,-1.073558137272252223e-02
1.258333333333333215e+01,-1.658063354646597404e-02
1.260416666666666607e+01,-9.396667892546888001e-03
1.262500000000000000e+01,-5.700146554188599210e-03
1.264583333333333215e+01,-9.517639217717838163e-03
1.266666666666666607e+01,-6.506607110761518202e-03
1.268750000000000000e+01,3.082517128041393790e-03
1.270833333333333215e+01,4.739618687069620077e-03
1.272916666666666607e+01,1.593616962357805597e-03
1.275000000000000000e+01,7.249400311565967064e-03
1.277083333333333215e+01,9.255259248958126739e-03
1.279166666666666607e+01,3.474568094987879035e-03
1.281250000000000000e+01,4.491347855555660740e-03
1.283333333333333215e+01,1.276700861755439287e-02
1.285416666666666607e+01,1.327955179739945951e-02
1.287500000000000000e+01,6.514804814093905043e-03
1.289583333333333215e+01,6.795061180108947531e-03
1.291666666666666607e+01,1.320800667460926558e-02
1.293750000000000000e+01,1.120247020665861466e-02
1.295833333333333215e+01,6.591475375558866409e-03
1.297916666666666607e+01,1.208743433672322329e-02
1.300000000000000000e+01,1.442432875828939323e-02
1.302083333333333215e+01,2.190088408672414243e-03
1.304166666666666607e+01,-8.095013192547134348e-03
1.306250000000000000e+01,-5.287684216845613475e-03
1.308333333333333215e+01,-2.393575185305196317e-03
1.310416666666666607e+01,-9.461987221287056216e-03
1.312500000000000000e+01,-1.294773562186784036e-02
1.314583333333333215e+01,-3.590901425319566968e-03
1.316666666666666607e+01,2.597649760174652010e-03
1.318750000000000000e+01,-4.757087798338038159e-03
1.320833333333333215e+01,-2.516572646165193827e-02
1.322916666666666607e+01,-4.810809163066748911e-02
1.325000000000000000e+01,-6.784391638236116073e-02
1.327083333333333215e+01,-9.444170919656201535e-02
1.329166666666666607e+01,-1.239488152690959716e-01
1.331250000000000000e+01,-1.431206521528916309e-01
1.333333333333333215e+01,-1.626046757797465769e-01
1.335416666666666607e+01,-1.961424985641094798e-01
1.337500000000000000e+01,-2.308161665862964451e-01
1.339583333333333215e+01,-2.513464370399718373e-01
1.341666666666666607e+01,-2.527911405080278673e-01
1.343750000000000000e+01,-2.568901922586122599e-01
1.345833333333333215e+01,-2.792374236937451570e-01
1.347916666666666607e+01,-3.019113164001848149e-01
1.350000000000000000e+01,-3.082220467609615433e-01
1.352083333333333215e+01,-2.971428547317943036e-01
1.354166666666666607e+01,-2.913748890660159963e-01
1.356250000000000000e+01,-2.918520866164477923e-01
1.358333333333333215e+01,-2.788152564344175133e-01
1.360416666666666607e+01,-2.483293530555029938e-01
1.362500000000000000e+01,-2.195295759310463835e-01
1.364583333333333215e+01,-2.077517038143104344e-01
1.366666666666666607e+01,-2.009446757570950703e-01
1.368750000000000000e+01,-1.825390521771912133e-01
1.370833333333333215e+01,-1.592998030333682147e-01
1.372916666666666607e+01,-1.438751690232131786e-01
1.375000000000000000e+01,-1.409685019490362901e-01
1.377083333333333215e+01,-1.391251120048622725e-01
1.379166666666666607e+01,-1.225334611029093163e-01
1.381250000000000000e+01,-1.035948027608527416e-01
1.383333333333333215e+01,-9.849644050720220145e-02
1.385416666666666607e+01,-9.454662122890129805e-02
1.387500000000000000e+01,-7.605005487034566247e-02
1.389583333333333215e+01,-5.738371506714486092e-02
1.391666666666666607e+01,-5.234365579959601028e-02
1.393750000000000000e+01,-5.399387989156929912e-02
1.395833333333333215e+01,-4.651450624853883248e-02
1.397916666666666607e+01,-4.012333936589677907e-02
1.400000000000000000e+01,-4.681495598237393058e-02
1.402083333333333215e+01,-5.114829696244134472e-02
1.404166666666666607e+01,-4.146150116453690970e-02
1.406250000000000000e+01,-3.385945617436328381e-02
1.408333333333333215e+01,-3.917233676317735669e-02
1.410416666666666607e+01,-4.163849673459346645e-02
1.412500000000000000e+01,-3.173246331313522156e-02
1.414583333333333215e+01,-2.581965329964805433e-02
1.416666666666666607e+01,-3.381221644504386198e-02
1.418750000000000000e+01,-3.948099249241435876e-02
1.420833333333333215e+01,-3.205580556897197342e-02
1.422916666666666607e+01,-2.787172886331702043e-02
1.425000000000000000e+01,-3.803720930383423099e-02
1.427083333333333215e+01,-4.642302428057296093e-02
1.429166666666666607e+01,-4.199766351513638946e-02
1.431250000000000000e+01,-4.052352390971612761e-02
1.433333333333333215e+01,-5.352540401252146862e-02
1.435416666666666607e+01,-6.520554129427824641e-02
1.437500000000000000e+01,-6.387395184775065959e-02
1.439583333333333215e+01,-6.213965402639921171e-02
1.441666666666666607e+01,-7.072103353286937621e-02
1.443750000000000000e+01,-7.683684170355938037e-02
1.445833333333333215e+01,-6.987525404437568144e-02
1.447916666666666607e+01,-6.500516074224703400e-02
1.450000000000000000e+01,-5.761151185495366756e-02
1.452083333333333215e+01,-3.794969541379706462e-02
1.454166666666666607e+01,-8.900330950290826632e-03
1.456250000000000000e+01,1.512487680400642978e-02
1.458333333333333215e+01,4.131961395238092222e-02
1.460416666666666607e+01,8.004065680454032494e-02
1.462500000000000000e+01,1.145009516019477036e-01
1.464583333333333215e+01,1.329325347041481198e-01
1.466666666666666607e+01,1.531856589526704726e-01
1.468750000000000000e+01,1.883502903224647529e-01
1.470833333333333215e+01,2.202180745574504883e-01
1.472916666666666607e+01,2.344533163246814711e-01
1.475000000000000000e+01,2.499938222266391008e-01
1.477083333333333215e+01,2.710841873477746744e-01
1.479166666666666607e+01,2.805986974963330938e-01
1.481250000000000000e+01,2.727804834061947625e-01
1.483333333333333215e+01,2.683201371350459885e-01
1.485416666666666607e+01,2.816540035109871831e-01
1.487500000000000000e+01,2.997190455690221245e-01
1.489583333333333215e+01,3.036392705660272417e-01
1.491666666666666607e+01,2.882015503796676592e-01
1.493750000000000000e+01,2.642892533989324444e-01
1.495833333333333215e+01,2.509817108279394637e-01
1.497916666666666607e+01,2.421291988186872746e-01
1.500000000000000000e+01,2.275489661110774997e-01
1.502083333333333215e+01,1.994114346480775068e-01
1.504166666666666607e+01,1.683183377206446674e-01
1.506250000000000000e+01,1.462313926601140346e-01
1.508333333333333215e+01,1.388273357350800485e-01
1.510416666666666607e+01,1.327873477133597324e-01
1.512500000000000000e+01,1.141768085067350891e-01
1.514583333333333215e+01,9.130948467960391113e-02
1.516666666666666607e+01,7.702539067310784637e-02
1.518750000000000000e+01,7.003601533691965197e-02
1.520833333333333215e+01,5.801475817355751519e-02
1.522916666666666607e+01,3.864784491953167367e-02
1.525000000000000000e+01,2.507165897063830945e-02
1.527083333333333215e+01,2.530447195253304055e-02
1.529166666666666607e+01,2.410051364447346120e-02
1.531250000000000000e+01,9.232255385879326731e-03
1.533333333333333215e+01,-3.252059011356568316e-03
1.535416666666666607e+01,-2.336745416468778182e-03
1.537500000000000000e+01,-3.760508159764051461e-03
1.539583333333333215e+01,-1.116749154050664106e-02
1.541666666666666607e+01,-1.121399193451017885e-02
1.543750000000000000e+01,-3.448366018992189783e-03
1.545833333333333215e+01,-2.225981423261404364e-03
1.547916666666666607e+01,-5.806690717332757198e-03
1.550000000000000000e+01,-1.086346979002348343e-03
1.552083333333333215e+01,4.369699692241551733e-03
1.554166666666666607e+01,5.905818452122223302e-04
1.556250000000000000e+01,2.193226346831012258e-04
1.558333333333333215e+01,1.264359310245112382e-02
1.560416666666666607e+01,2.171521285074023283e-02
1.562500000000000000e+01,1.696057582144573639e-02
1.564583333333333215e+01,1.430187334634977665e-02
1.566666666666666607e+01,2.420953860731527019e-02
1.568750000000000000e+01,3.063792074333145099e-02
1.570833333333333215e+01,2.326198959309540293e-02
1.572916666666666607e+01,1.768710032002894506e-02
1.575000000000000000e+01,2.447303024489362946e-02
1.577083333333333215e+01,2.836838924420101091e-02
1.579166666666666607e+01,2.482224945458485002e-02
1.581250000000000000e+01,2.688417256836853064e-02
1.583333333333333215e+01,3.432883701120887504e-02
1.585416666666666607e+01,3.364226933246203255e-02
1.587500000000000000e+01,3.099827294126529867e-02
1.589583333333333215e+01,3.841334303686352175e-02
1.591666666666666607e+01,4.145820946480029134e-02
1.593750000000000000e+01,2.950851570240338798e-02
1.595833333333333215e+01,2.059120525120600523e-02
1.597916666666666607e+01,2.530198040774846516e-02
1.600000000000000000e+01,2.583390120458935527e-02
1.602083333333333215e+01,1.553238568034160175e-02
1.604166666666666430e+01,1.097274029864871679e-02
1.606250000000000000e+01,2.023986126345990108e-02
1.608333333333333215e+01,2.593694716909608622e-02
1.610416666666666430e+01,1.670655610122426943e-02
1.612500000000000000e+01,9.769879956336387228e-03
1.614583333333333215e+01,1.628433548753340648e-02
1.616666666666666430e+01,1.924538444378731325e-02
1.618750000000000000e+01,7.186929612866642739e-03
1.620833333333333215e+01,-2.469620156412856253e-03
1.622916666666666430e+01,1.541278833948894192e-03
1.625000000000000000e+01,2.698213894573887276e-03
1.627083333333333215e+01,-5.241201050769666268e-03
1.629166666666666430e+01,-6.712393245363659604e-03
1.631250000000000000e+01,4.925729533077395812e-03
1.633333333333333215e+01,1.337566543516471515e-02
1.635416666666666430e+01,7.760791119700015915e-03
1.637500000000000000e+01,5.208644410016586776e-03
1.639583333333333215e+01,1.340145175855348911e-02
1.641666666666666430e+01,1.677680661473599649e-02
1.643750000000000000e+01,5.919830309408537043e-03
1.645833333333333215e+01,-1.437234511752863301e-03
1.647916666666666430e+01,5.768127290095423007e-03
1.650000000000000000e+01,9.891434309578030909e-03
1.652083333333333215e+01,-8.912957675595846408e-04
1.654166666666666430e+01,-8.295413940819085577e-03
1.656250000000000000e+01,-1.068052459836553707e-03
1.658333333333333215e+01,3.128747401660574023e-03
1.660416666666666430e+01,-7.476205353211621933e-03
1.662500000000000000e+01,-1.468707195134734585e-02
1.664583333333333215e+01,-7.250356517498906909e-03
1.666666666666666430e+01,-2.641751610105275237e-03
1.668750000000000000e+01,-1.266665298732167627e-02
1.670833333333333215e+01,-1.962276671300344777e-02
1.672916666666666430e+01,-1.226910773675848193e-02
1.675000000000000000e+01,-7.485833174619444669e-03
1.677083333333333215e+01,-1.461106996209874005e-02
1.679166666666666430e+01,-1.722455698990152384e-02
1.681250000000000000e+01,-5.611834312668282330e-03
1.683333333333333215e+01,3.724749496341891054e-03
1.685416666666666430e+01,-1.017725959308289413e-03
1.687500000000000000e+01,-2.938477213110235291e-03
1.689583333333333215e+01,9.420948805153770214e-03
1.691666666666666430e+01,1.952860330986705764e-02
1.693750000000000000e+01,1.536448589058419557e-02
1.695833333333333215e+01,1.391790401482777099e-02
1.697916666666666430e+01,2.242729383848826932e-02
1.700000000000000000e+01,2.585670238158934917e-02
1.702083333333333215e+01,1.513356827377993451e-02
1.704166666666666430e+01,7.248795403642851500e-03
1.706250000000000000e+01,1.323103327693270215e-02
1.708333333333333215e+01,1.672821535285960032e-02
1.710416666666666430e+01,6.164441522595012941e-03
1.712500000000000000e+01,-1.510812410435752491e-03
1.714583333333333215e+01,4.602804315825988896e-03
1.716666666666666430e+01,8.184700330693708142e-03
1.718750000000000000e+01,-2.104951359357332390e-03
1.720833333333333215e+01,-9.457073764807666719e-03
1.722916666666666430e+01,-3.166911512886281307e-03
1.725000000000000000e+01,4.091508583557913899e-04
1.727083333333333215e+01,-9.908805026909169034e-03
1.729166666666666430e+01,-1.701806647742114265e-02
1.731250000000000000e+01,-1.050888020299430015e-02
1.733333333333333215e+01,-6.945734699311842224e-03
1.735416666666666430e+01,-1.425109386722517475e-02
1.737500000000000000e+01,-1.616321540687208624e-02
1.739583333333333215e+01,-4.061218359924297951e-03
1.741666666666666430e+01,5.286335806782184975e-03
1.743750000000000000e+01,1.591474369262869904e-03
1.745833333333333215e+01,1.664112217350631777e-03
1.747916666666666430e+01,1.039939116200512027e-02
1.750000000000000000e+01,1.290711475306154273e-02
1.752083333333333215e+01,2.566144880053436179e-03
1.754166666666666430e+01,-3.998384073562938519e-03
1.756250000000000000e+01,3.925180288599257675e-03
1.758333333333333215e+01,9.655254074533272182e-03
1.760416666666666430e+01,2.511079287831513226e-03
1.762500000000000000e+01,-1.065431145528297893e-03
1.764583333333333215e+01,9.866668303505162288e-03
1.766666666666666430e+01,1.880468964211780281e-02
1.768750000000000000e+01,1.483715901867502934e-02
1.770833333333333215e+01,9.956373390999992065e-03
1.772916666666666430e+01,1.558950464326582831e-02
1.775000000000000000e+01,1.897063613394741818e-02
1.777083333333333215e+01,1.013925947229875855e-02
1.779166666666666430e+01,-9.158336517118483011e-03
1.781250000000000000e+01,-2.480900318656314996e-02
1.783333333333333215e+01,-3.076923697285697396e-02
1.785416666666666430e+01,-4.053069908723211379e-02
1.787500000000000000e+01,-6.130876216007799528e-02
1.789583333333333215e+01,-7.956939755252180613e-02
1.791666666666666430e+01,-8.680609144855319648e-02
1.793750000000000000e+01,-9.559717650254216659e-02
1.795833333333333215e+01,-1.124881329091505233e-01
1.797916666666666430e+01,-1.265717007667108984e-01
1.800000000000000000e+01,-1.327566362666104116e-01
1.802083333333333215e+01,-1.361939000811076828e-01
1.804166666666666430e+01,-1.423447547401035240e-01
1.806250000000000000e+01,-1.518729394830893309e-01
1.808333333333333215e+01,-1.602137497746700390e-01
1.810416666666666430e+01,-1.553739050913042763e-01
1.812500000000000000e+01,-1.444966742719891173e-01
1.814583333333333215e+01,-1.464857107781587509e-01
1.816666666666666430e+01,-1.543867389516432598e-01
1.818750000000000000e+01,-1.551616149185967020e-01
1.820833333333333215e+01,-1.398057924609671654e-01
1.822916666666666430e+01,-1.188103821160076679e-01
1.825000000000000000e+01,-1.085702882559905769e-01
1.827083333333333215e+01,-1.113457341176248283e-01
1.829166666666666430e+01,-1.156611369828344921e-01
1.831250000000000000e+01,-1.054681182767418929e-01
1.833333333333333215e+01,-7.954419085830143066e-02
1.835416666666666430e+01,-5.444770335915027903e-02
1.837500000000000000e+01,-4.499138859287254294e-02
1.839583333333333215e+01,-5.353978068818266572e-02
1.841666666666666430e+01,-6.229515180167648214e-02
1.843750000000000000e+01,-5.602536466434498985e-02
1.845833333333333215e+01,-3.379565206258315635e-02
1.847916666666666430e+01,-1.334724683270193009e-02
1.850000000000000000e+01,-7.113897496844004409e-03
1.852083333333333215e+01,-1.642564651114076027e-02
1.854166666666666430e+01,-2.259598220389756953e-02
1.856250000000000000e+01,-1.433236187428530914e-02
1.858333333333333215e+01,-9.333252359561070369e-03
1.860416666666666430e+01,-1.871001003105850560e-02
1.862500000000000000e+01,-2.562294562106766371e-02
1.864583333333333215e+01,-1.942298752776652065e-02
1.866666666666666430e+01,-1.673169620532157995e-02
1.868750000000000000e+01,-2.198079900005779283e-02
1.870833333333333215e+01,-2.124779026424560360e-02
1.872916666666666430e+01,-1.203338491931298625e-02
1.875000000000000000e+01,-8.993446067596187754e-03
1.877083333333333215e+01,-1.890476568958733908e-02
1.879166666666666430e+01,-2.624660770528308359e-02
1.881250000000000000e+01,-2.063784600138907424e-02
1.883333333333333215e+01,-1.831963902460319316e-02
1.885416666666666430e+01,-2.488205710336395537e-02
1.887500000000000000e+01,-2.576188076589081000e-02
1.889583333333333215e+01,-1.419647414022756626e-02
1.891666666666666430e+01,-6.753763358162679503e-03
1.893750000000000000e+01,-1.397050639631376191e-02
1.895833333333333215e+01,-1.889048084842198313e-02
1.897916666666666430e+01,-1.010330207376533909e-02
1.900000000000000000e+01,-5.097253376635905130e-03
1.902083333333333215e+01,-1.555880824442273588e-02
1.904166666666666430e+01,-2.385529950530885721e-02
1.906250000000000000e+01,-1.793942909084043913e-02
1.908333333333333215e+01,-1.310922573091351413e-02
1.910416666666666430e+01,-9.486687631757202699e-03
1.912500000000000000e+01,4.213947862558717165e-03
1.914583333333333215e+01,1.808403321595552712e-02
1.916666666666666430e+01,2.531252124751741037e-02
1.918750000000000000e+01,3.881910438214736248e-02
1.920833333333333215e+01,5.920690523207679939e-02
1.922916666666666430e+01,7.187569750952620129e-02
1.925000000000000000e+01,8.064596024703171717e-02
1.927083333333333215e+01,9.972757163654413781e-02
1.929166666666666430e+01,1.151153901482572378e-01
1.931250000000000000e+01,1.145654114351419700e-01
1.933333333333333215e+01,1.186807189894525660e-01
1.935416666666666430e+01,1.386584389523015659e-01
1.937500000000000000e+01,1.544006222749851331e-01
1.939583333333333215e+01,1.535801374881281545e-01
1.941666666666666430e+01,1.472975834309739052e-01
1.943750000000000000e+01,1.500315671864723699e-01
1.945833333333333215e+01,1.519203029075979761e-01
1.947916666666666430e+01,1.400789320790445103e-01
1.950000000000000000e+01,1.256416676181711378e-01
1.952083333333333215e+01,1.248575321435060753e-01
1.954166666666666430e+01,1.287521775640502186e-01
1.956250000000000000e+01,1.235427060161841673e-01
1.958333333333333215e+01,1.024683590923755466e-01
1.960416666666666430e+01,7.788613427713150794e-02
1.962500000000000000e+01,6.764463816456288414e-02
1.964583333333333215e+01,7.162103494787314117e-02
1.966666666666666430e+01,7.120288161377420766e-02
1.968750000000000000e+01,5.379474092031540783e-02
1.970833333333333215e+01,3.607852340157881310e-02
1.972916666666666430e+01,3.276657339186740681e-02
1.975000000000000000e+01,2.926000384969335358e-02
1.977083333333333215e+01,1.219120121170127156e-02
1.979166666666666430e+01,-4.487555166588466822e-03
1.981250000000000000e+01,-8.367826538728549701e-03
1.983333333333333215e+01,2.257850992964432948e-03
1.985416666666666430e+01,9.411703503574101251e-03
1.987500000000000000e+01,1.934853761352877712e-03
1.989583333333333215e+01,-3.136297565214648652e-03
1.991666666666666430e+01,5.506238298751162802e-03
1.993750000000000000e+01,1.092650095254686128e-02
1.995833333333333215e+01,2.697071825721914125e-03
1.997916666666666430e+01,-2.930434277242108167e-03
2.000000000000000000e+01,5.060053487777579732e-03
2.002083333333333215e+01,1.026663420134741288e-02
2.004166666666666430e+01,2.420242046626527258e-03
2.006250000000000000e+01,-2.890076419782939849e-03
2.008333333333333215e+01,5.208378751846290573e-03
2.010416666666666430e+01,1.052561332824808460e-02
2.012500000000000000e+01,3.712731722147048254e-03
2.014583333333333215e+01,9.181881065577594001e-05
2.016666666666666430e+01,1.002232174625176594e-02
2.018750000000000000e+01,1.712746388741684736e-02
2.020833333333333215e+01,1.089975629778393990e-02
2.022916666666666430e+01,7.286203732225298400e-03
2.025000000000000000e+01,1.753081946461246612e-02
2.027083333333333215e+01,2.509579525531581076e-02
2.029166666666666430e+01,1.910795438431119736e-02
2.031250000000000000e+01,1.579666476038489933e-02
2.033333333333333215e+01,2.666004722277953709e-02
2.035416666666666430e+01,3.456957242944462549e-02
2.037500000000000000e+01,2.855531664841698750e-02
2.039583333333333215e+01,2.526305688799622765e-02
2.041666666666666430e+01,3.539758108325136154e-02
2.043750000000000000e+01,4.134187678321126630e-02
2.045833333333333215e+01,3.228194592838777577e-02
2.047916666666666430e+01,2.621488472317844848e-02
2.050000000000000000e+01,3.452056718292496884e-02
2.052083333333333215e+01,3.890771884249780849e-02
2.054166666666666430e+01,2.825330329428556164e-02
2.056250000000000000e+01,2.052454568720668213e-02
2.058333333333333215e+01,2.610636444180490165e-02
2.060416666666666430e+01,2.756221269350042288e-02
2.062500000000000000e+01,1.443902370152299469e-02
2.064583333333333215e+01,4.371393719259283536e-03
2.066666666666666430e+01,9.361409461923167474e-03
2.068750000000000000e+01,1.132336982380020493e-02
2.070833333333333215e+01,-1.114607592187168324e-03
2.072916666666666430e+01,-1.077590872394977237e-02
2.075000000000000000e+01,-5.776642574377402646e-03
2.077083333333333215e+01,-3.372183391940191191e-03
2.079166666666666430e+01,-1.485036685336614190e-02
2.081250000000000000e+01,-2.307248225849689929e-02
2.083333333333333215e+01,-1.662268628641009813e-02
2.085416666666666430e+01,-1.216913901876111835e-02
2.087500000000000000e+01,-2.098621358867736736e-02
2.089583333333333215e+01,-2.624918917741884614e-02
2.091666666666666430e+01,-1.700419560041916203e-02
2.093750000000000000e+01,-9.974384804841968447e-03
2.095833333333333215e+01,-1.652171442220432690e-02
2.097916666666666430e+01,-1.929672213496412894e-02
2.100000000000000000e+01,-7.120300659996382613e-03
2.102083333333333215e+01,2.720260876229152556e-03
2.104166666666666430e+01,-1.340456879893935126e-03
2.106250000000000000e+01,-4.250421698930370931e-03
2.108333333333333215e+01,2.157369484885453097e-03
2.110416666666666430e+01,3.572439614938268879e-03
2.112500000000000000e+01,-8.955370075289409079e-03
2.114583333333333215e+01,-1.773537259176119485e-02
2.116666666666666430e+01,-1.117351758799089816e-02
2.118750000000000000e+01,-6.839508022294344541e-03
2.120833333333333215e+01,-1.658754477143863093e-02
2.122916666666666430e+01,-2.272082762094259842e-02
2.125000000000000000e+01,-1.363577757788154467e-02
2.127083333333333215e+01,-6.875560638341393811e-03
2.129166666666666430e+01,-1.408504046159038230e-02
2.131250000000000000e+01,-1.756934818934145076e-02
2.133333333333333215e+01,-5.901698565902766848e-03
2.135416666666666430e+01,3.630594386816276501e-03
2.137500000000000000e+01,-4.780344437075510181e-04
2.139583333333333215e+01,-9.103180519280110660e-04
2.141666666666666430e+01,1.368351798943834990e-02
2.143750000000000000e+01,2.621868412972780393e-02
2.145833333333333215e+01,2.519788776453251236e-02
2.147916666666666430e+01,1.865105568886773341e-02
2.150000000000000000e+01,2.085932237781436271e-02
2.152083333333333215e+01,2.093946790787942075e-02
2.154166666666666430e+01,1.134332133853743242e-02
2.156250000000000000e+01,7.863635304524550437e-03
2.158333333333333215e+01,1.843336337170483133e-02
2.160416666666666430e+01,2.655921948471923200e-02
2.162500000000000000e+01,2.151036083469511084e-02
2.164583333333333215e+01,1.532756889685466493e-02
2.166666666666666430e+01,1.975126373489970166e-02
2.168750000000000000e+01,2.163571938696874294e-02
2.170833333333333215e+01,1.038860745718882955e-02
2.172916666666666430e+01,2.660683423648235475e-03
2.175000000000000000e+01,9.207220360092426698e-03
2.177083333333333215e+01,1.357704192451059805e-02
2.179166666666666430e+01,4.767902995399881522e-03
2.181250000000000000e+01,-5.925719577527708247e-04
2.183333333333333215e+01,4.537280964080740026e-03
2.185416666666666430e+01,5.139622451066548636e-03
2.187500000000000000e+01,-7.177396105617340344e-03
2.189583333333333215e+01,-1.592919352315556522e-02
2.191666666666666430e+01,-1.047122572028575879e-02
2.193750000000000000e+01,-7.111909657451937969e-03
2.195833333333333215e+01,-1.669069551617366823e-02
2.197916666666666430e+01,-2.272028441795490364e-02
2.200000000000000000e+01,-1.449203297082862427e-02
2.202083333333333215e+01,-8.266593929782241681e-03
2.204166666666666430e+01,-1.493032150952830657e-02
2.206250000000000000e+01,-1.803606572787859116e-02
2.208333333333333215e+01,-6.806299284065217559e-03
2.210416666666666430e+01,2.423530750940426724e-03
2.212500000000000000e+01,-1.350925342671863757e-03
2.214583333333333215e+01,-4.253783171071394593e-03
2.216666666666666430e+01,1.679216268465038913e-03
2.218750000000000000e+01,3.049599102734675861e-03
2.220833333333333215e+01,-8.771511825040921931e-03
2.222916666666666430e+01,-1.719202049017841752e-02
2.225000000000000000e+01,-1.160505205584355312e-02
2.227083333333333215e+01,7.169938947994885549e-03
2.229166666666666430e+01,3.793031955482235873e-02
2.231250000000000000e+01,8.123168138932414239e-02
2.233333333333333215e+01,1.333847614609577070e-01
2.235416666666666430e+01,1.789232069579135831e-01
2.237500000000000000e+01,2.244672631880428593e-01
2.239583333333333215e+01,2.823204197408711869e-01
2.241666666666666430e+01,3.394564570955543870e-01
2.243750000000000000e+01,3.809144022588202283e-01
2.245833333333333215e+01,4.063732964354372368e-01
2.247916666666666430e+01,4.310565518463254642e-01
2.250000000000000000e+01,4.689000039409368381e-01
2.252083333333333215e+01,5.096433423792786632e-01
2.254166666666666430e+01,5.453873505550130840e-01
2.256250000000000000e+01,5.661388950280972221e-01
2.258333333333333215e+01,5.646223183746104102e-01
2.260416666666666430e+01,5.466819971696064151e-01
2.262500000000000000e+01,5.362329895195577789e-01
2.264583333333333215e+01,5.332093660915200317e-01
2.266666666666666430e+01,5.283070713891748760e-01
2.268750000000000000e+01,5.082452009934905757e-01
2.270833333333333215e+01,4.652240968614157479e-01
2.272916666666666430e+01,4.152746776347168711e-01
2.275000000000000000e+01,3.792209337454314766e-01
2.277083333333333215e+01,3.615049598723366064e-01
2.279166666666666430e+01,3.476158101956485780e-01
2.281250000000000000e+01,3.281705893111915850e-01
2.283333333333333215e+01,2.927219668784243889e-01
2.285416666666666430e+01,2.491671045714698163e-01
2.287500000000000000e+01,2.105936487486146924e-01
2.289583333333333215e+01,1.861362241727292921e-01
2.291666666666666430e+01,1.745272562454812659e-01
2.293750000000000000e+01,1.592609121555642326e-01
2.295833333333333215e+01,1.287630339036775762e-01
2.297916666666666430e+01,9.773536835353367758e-02
2.300000000000000000e+01,8.123767109262916564e-02
2.302083333333333215e+01,8.111038543869113215e-02
2.304166666666666430e+01,7.845748039684788400e-02
2.306250000000000000e+01,6.247291641209866409e-02
2.308333333333333215e+01,5.058700821815879239e-02
2.310416666666666430e+01,5.269312464550133385e-02
2.312500000000000000e+01,6.338936538931123910e-02
2.314583333333333215e+01,6.772734157031667923e-02
2.316666666666666430e+01,6.804209828849511199e-02
2.318750000000000000e+01,7.740908260101468652e-02
2.320833333333333215e+01,8.599487184938701956e-02
2.322916666666666430e+01,8.671407395588374978e-02
2.325000000000000000e+01,9.224952326480004294e-02
2.327083333333333215e+01,1.091958110177077418e-01
2.329166666666666430e+01,1.219153721103738569e-01
2.331250000000000000e+01,1.205935423977273491e-01
2.333333333333333215e+01,1.211392259727182702e-01
2.335416666666666430e+01,1.348057290311996392e-01
2.337500000000000000e+01,1.451775281064232315e-01
2.339583333333333215e+01,1.413149483728159406e-01
2.341666666666666430e+01,1.396955332656724114e-01
2.343750000000000000e+01,1.505004120802303502e-01
2.345833333333333215e+01,1.568991382580239569e-01
2.347916666666666430e+01,1.480317035503789791e-01
2.350000000000000000e+01,1.412536172962469139e-01
2.352083333333333215e+01,1.485474665966855512e-01
2.354166666666666430e+01,1.523011637464403711e-01
2.356250000000000000e+01,1.410347817769141421e-01
2.358333333333333215e+01,1.163675982390625502e-01
2.360416666666666430e+01,7.941092565739511777e-02
2.362500000000000000e+01,2.951807471971944208e-02
2.364583333333333215e+01,-2.375198592065233538e-02
2.366666666666666430e+01,-7.336491557225170712e-02
2.368750000000000000e+01,-1.287236071665131543e-01
2.370833333333333215e+01,-1.852879553531418255e-01
2.372916666666666430e+01,-2.297422574560271658e-01
2.375000000000000000e+01,-2.738167263601951618e-01
2.377083333333333215e+01,-3.302104159121902471e-01
2.379166666666666430e+01,-3.860628985519554135e-01
2.381250000000000000e+01,-4.260000530750878700e-01
2.383333333333333215e+01,-4.458834243629179461e-01
2.385416666666666430e+01,-4.679198849516195136e-01
2.387500000000000000e+01,-5.007867331998541172e-01
2.389583333333333215e+01,-5.266930574810104737e-01
2.391666666666666430e+01,-5.330784499915675045e-01
2.393750000000000000e+01,-5.282808735641595366e-01
2.395833333333333215e+01,-5.188516844395947292e-01
2.397916666666666430e+01,-4.946934188675593536e-01
2.400000000000000000e+01,-4.653216637700545166e-01
2.402083333333333215e+01,-4.502829975743520841e-01
2.404166666666666430e+01,-4.418572192712504343e-01
2.406250000000000000e+01,-4.307306172534343669e-01
2.408333333333333215e+01,-4.071665862713846895e-01
2.410416666666666430e+01,-3.638871527570956554e-01
2.412500000000000000e+01,-3.149854399523225879e-01
2.414583333333333215e+01,-2.796366676846682164e-01
2.416666666666666430e+01,-2.543918988324316843e-01
2.418750000000000000e+01,-2.262590885084998504e-01
2.420833333333333215e+01,-1.823173307798572618e-01
2.422916666666666430e+01,-1.348013109487304351e-01
2.425000000000000000e+01,-1.006181489330092715e-01
2.427083333333333215e+01,-8.287672189386423305e-02
2.429166666666666430e+01,-6.730423397448691281e-02
2.431250000000000000e+01,-4.567812069836309219e-02
2.433333333333333215e+01,-3.084354012530779454e-02
2.435416666666666430e+01,-3.077386970936386509e-02
2.437500000000000000e+01,-2.704538489425290307e-02
2.439583333333333215e+01,-8.171999932239219083e-03
2.441666666666666430e+01,8.634887589246461465e-03
2.443750000000000000e+01,1.253512041541856269e-02
2.445833333333333215e+01,3.603196891143230739e-03
2.447916666666666430e+01,-2.679347111768579526e-03
2.450000000000000000e+01,4.553516506712814577e-03
2.452083333333333215e+01,1.047881652225763661e-02
2.454166666666666430e+01,3.167602082371536072e-03
2.456250000000000000e+01,-1.156584157743200877e-02
2.458333333333333215e+01,-1.886913096334844400e-02
2.460416666666666430e+01,-1.998951131727192548e-02
2.462500000000000000e+01,-2.973239640851962906e-02
2.464583333333333215e+01,-4.138160582209784305e-02
2.466666666666666430e+01,-4.205820701090709490e-02
2.468750000000000000e+01,-4.436740324132490421e-02
2.470833333333333215e+01,-6.020753182774925966e-02
2.472916666666666430e+01,-7.361070946398008685e-02
2.475000000000000000e+01,-7.354647266148285623e-02
2.477083333333333215e+01,-7.517216815618865677e-02
2.479166666666666430e+01,-8.358405761689431668e-02
2.481250000000000000e+01,-8.474761014226231404e-02
2.483333333333333215e+01,-7.621483571921064404e-02
2.485416666666666430e+01,-7.314686857180277557e-02
2.487500000000000000e+01,-8.123989132221388909e-02
2.489583333333333215e+01,-8.408490835901973048e-02
2.491666666666666430e+01,-7.251921660730778485e-02
2.493750000000000000e+01,-6.419837479611001374e-02
2.495833333333333215e+01,-6.929679452481622703e-02
2.497916666666666430e+01,-6.973913488340410805e-02
2.500000000000000000e+01,-5.501143212632977203e-02
2.502083333333333215e+01,-4.348167633041544883e-02
2.504166666666666430e+01,-4.551398821903594044e-02
2.506250000000000000e+01,-4.287883349080252871e-02
2.508333333333333215e+01,-2.512677979767994826e-02
2.510416666666666430e+01,-1.060893336608757093e-02
2.512500000000000000e+01,-9.529685214656850867e-03
2.514583333333333215e+01,-7.301369589359934381e-03
2.516666666666666430e+01,1.087325227547346730e-03
2.518750000000000000e+01,1.719351190746519313e-03
2.520833333333333215e+01,-3.011371644212069965e-04
2.522916666666666430e+01,8.314326696459591742e-03
2.525000000000000000e+01,1.386026440924337071e-02
2.527083333333333215e+01,4.492342631991314179e-03
2.529166666666666430e+01,-2.002580668246438118e-03
2.531250000000000000e+01,5.654969557424143443e-03
2.533333333333333215e+01,1.058721132512631564e-02
2.535416666666666430e+01,1.091464022960749510e-03
2.537500000000000000e+01,-5.471040336899380720e-03
2.539583333333333215e+01,1.895586842624381180e-03
2.541666666666666430e+01,6.564389657707306487e-03
2.543750000000000000e+01,-2.938445601412907355e-03
2.545833333333333215e+01,-9.770032762460214432e-03
2.547916666666666430e+01,-3.055186493204609631e-03
2.550000000000000000e+01,8.092099238201837328e-04
2.552083333333333215e+01,-9.346695146449483099e-03
2.554166666666666430e+01,-1.664829671752796406e-02
2.556250000000000000e+01,-1.050216914935348314e-02
2.558333333333333215e+01,-6.964939655029600725e-03
2.560416666666666430e+01,-1.724979829389036712e-02
2.562500000000000000e+01,-2.494040816986244080e-02
2.564583333333333215e+01,-1.935368882777127250e-02
2.566666666666666430e+01,-1.557070347721964398e-02
2.568750000000000000e+01,-2.031351839711384097e-02
2.570833333333333215e+01,-1.914061544606433796e-02
2.572916666666666430e+01,-6.936931568359889881e-03
2.575000000000000000e+01,1.208441488145197643e-03
2.577083333333333215e+01,-4.242800819573668177e-03
2.579166666666666430e+01,-6.892650787378068293e-03
2.581250000000000000e+01,3.690565911852598888e-03
2.583333333333333215e+01,1.168703243789074621e-02
2.585416666666666430e+01,5.997707117083963743e-03
2.587500000000000000e+01,3.142637378488453894e-03
2.589583333333333215e+01,1.354975245165895154e-02
2.591666666666666430e+01,2.120444745998072492e-02
2.593750000000000000e+01,1.498150866708610786e-02
2.595833333333333215e+01,1.135000912841219352e-02
2.597916666666666430e+01,1.639513461856248466e-02
2.600000000000000000e+01,1.516286955909625783e-02
2.602083333333333215e+01,1.988040128233282012e-03
2.604166666666666430e+01,-7.629080035772927912e-03
2.606250000000000000e+01,-4.036223196369879800e-03
2.608333333333333215e+01,-3.912727997112465037e-03
2.610416666666666430e+01,-1.368791949371672007e-02
2.612500000000000000e+01,-1.841941873097988069e-02
2.614583333333333215e+01,-1.003138649313004005e-02
2.616666666666666430e+01,-5.090031248991236552e-03
2.618750000000000000e+01,-1.448549396438286035e-02
2.620833333333333215e+01,-2.173144024302730432e-02
2.622916666666666430e+01,-1.586527323815126178e-02
2.625000000000000000e+01,-1.356749478965658430e-02
2.627083333333333215e+01,-1.839038193464291246e-02
2.629166666666666430e+01,-1.639367414447533144e-02
2.631250000000000000e+01,-6.993281451865025929e-03
2.633333333333333215e+01,-4.792990875307771154e-03
2.635416666666666430e+01,-9.390105400554845522e-03
2.637500000000000000e+01,-7.070196414604378553e-03
2.639583333333333215e+01,8.234777692146194941e-04
2.641666666666666430e+01,3.611156703470963687e-04
2.643750000000000000e+01,-5.610300789165175404e-04
2.645833333333333215e+01,8.704055406328370728e-03
2.647916666666666430e+01,1.382863668097871271e-02
2.650000000000000000e+01,4.516708012305459957e-03
2.652083333333333215e+01,-2.789856909191860100e-03
2.654166666666666430e+01,2.719232543067078098e-03
2.656250000000000000e+01,4.784017737386845812e-03
2.658333333333333215e+01,-2.346570689111901302e-03
2.660416666666666430e+01,-4.042189788476502690e-03
2.662500000000000000e+01,7.077736331311623372e-03
2.664583333333333215e+01,1.479174981123629329e-02
2.666666666666666430e+01,8.052310144920499235e-03
2.668750000000000000e+01,3.216805013751228987e-03
2.670833333333333215e+01,1.120594477302359025e-02
2.672916666666666430e+01,1.583659209461452458e-02
2.675000000000000000e+01,6.012967984878207772e-03
2.677083333333333215e+01,-1.854815217119146773e-03
2.679166666666666430e+01,3.170727286995030092e-03
2.681250000000000000e+01,4.922105166833062526e-03
2.683333333333333215e+01,-5.207273767072263457e-03
2.685416666666666430e+01,-1.174048058664432792e-02
2.687500000000000000e+01,-5.470832191035395094e-03
2.689583333333333215e+01,-2.655614195344323768e-03
2.691666666666666430e+01,-1.077820245851911045e-02
2.693750000000000000e+01,-1.455725711609539078e-02
2.695833333333333215e+01,-5.559997152504944987e-03
2.697916666666666430e+01,-1.298000047548140935e-04
2.700000000000000000e+01,-9.087069022282311115e-03
2.702083333333333215e+01,-1.584296534447630564e-02
2.704166666666666430e+01,-9.796265646254949042e-03
2.706250000000000000e+01,-5.561407156375367498e-03
2.708333333333333215e+01,-9.102176025517728572e-03
2.710416666666666430e+01,-6.838556768788997715e-03
2.712500000000000000e+01,3.642547309705290379e-03
2.714583333333333215e+01,7.502702880566143422e-03
2.716666666666666430e+01,2.501299069814867443e-04
2.718750000000000000e+01,-2.648383422466734586e-03
2.720833333333333215e+01,7.204119535634254980e-03
2.722916666666666430e+01,1.337658897003837256e-02
2.725000000000000000e+01,5.155805422180680456e-03
2.727083333333333215e+01,-9.355275691296865374e-04
2.729166666666666430e+01,5.754986519258551217e-03
2.731250000000000000e+01,8.992022133401209039e-03
2.733333333333333215e+01,1.159759999168167698e-03
2.735416666666666430e+01,-2.501853058239960226e-03
2.737500000000000000e+01,6.633132037396317730e-03
2.739583333333333215e+01,-0.000000000000000000e+00
2.741666666666666430e+01,-0.000000000000000000e+00
2.743750000000000000e+01,1.424638622498417603e-03
2.745833333333333215e+01,-3.229791973676950350e-03
2.747916666666666430e+01,-2.341662442195868027e-03
2.750000000000000000e+01,2.872313188911096871e-03
2.752083333333333215e+01,-8.109286116915755778e-04
2.754166666666666430e+01,-1.767146358520437117e-03
2.756250000000000000e+01,5.954324767582027007e-03
2.758333333333333215e+01,7.662811494656258937e-03
2.760416666666666430e+01,-3.062708863307770247e-03
2.762500000000000000e+01,-1.026892609487837366e-02
2.764583333333333215e+01,-3.860586872273743305e-03
2.766666666666666430e+01,-1.847285496513815085e-04
2.768750000000000000e+01,-1.012177095306784035e-02
2.770833333333333215e+01,-1.732144921443992680e-02
2.772916666666666430e+01,-1.090261372062215940e-02
2.775000000000000000e+01,-7.216206109415440433e-03
2.777083333333333215e+01,-1.244510086224541803e-02
2.779166666666666430e+01,-1.180383148529835953e-02
2.781250000000000000e+01,1.347564000693129461e-03
2.783333333333333215e+01,1.101408580378932314e-02
2.785416666666666430e+01,7.065436906314632309e-03
2.787500000000000000e+01,5.860111176627221842e-03
2.789583333333333215e+01,1.539926227142744339e-02
2.791666666666666430e+01,2.030455036486465345e-02
2.793750000000000000e+01,1.160159899684550487e-02
2.795833333333333215e+01,5.631353719089730869e-03
2.797916666666666430e+01,1.326212963017300676e-02
2.800000000000000000e+01,1.814974968387966445e-02
2.802083333333333215e+01,9.413771470203018479e-03
2.804166666666666430e+01,3.384373243248474730e-03
2.806250000000000000e+01,1.095298853368763606e-02
2.808333333333333215e+01,1.576761365500960535e-02
2.810416666666666430e+01,6.973422163875271813e-03
2.812500000000000000e+01,9.152598981763735266e-04
2.814583333333333215e+01,8.486169762757764939e-03
2.816666666666666430e+01,1.337161010721258161e-02
