0.000000000000000000e+00,0.000000000000000000e+00
2.083333333333333218e-02,0.000000000000000000e+00
4.166666666666666435e-02,9.601589459580074648e-02
6.250000000000000000e-02,6.233981547358959791e-02
8.333333333333332871e-02,7.021680864189058791e-02
1.041666666666666574e-01,2.466539228805094686e-01
1.250000000000000000e-01,1.318564356514437264e-02
1.458333333333333148e-01,1.539333861110492863e-01
1.666666666666666574e-01,4.117077652079650374e-01
1.875000000000000000e-01,2.453042506648733800e-02
2.083333333333333148e-01,5.266282529585636363e-02
2.291666666666666574e-01,5.006744441747584817e-01
2.500000000000000000e-01,2.673682317098799999e-01
2.708333333333333148e-01,-3.954963333566747785e-01
2.916666666666666297e-01,-2.691577491394950838e-01
3.125000000000000000e-01,4.049055387158646546e-01
3.333333333333333148e-01,2.851410346244992455e-01
3.541666666666666297e-01,-3.709335724868776385e-01
3.750000000000000000e-01,-2.128587593982299575e-01
3.958333333333333148e-01,4.740070103893327946e-01
4.166666666666666297e-01,3.579594515030107837e-01
4.375000000000000000e-01,-2.977952010406459404e-01
4.583333333333333148e-01,-1.248317576025629316e-01
4.791666666666666297e-01,4.443573478060686144e-01
5.000000000000000000e-01,2.361107869657422809e-01
5.208333333333332593e-01,-4.192651821402304524e-01
5.416666666666666297e-01,-2.448130306387567012e-01
5.625000000000000000e-01,3.434278297263888557e-01
5.833333333333332593e-01,1.503723595761013998e-01
6.041666666666666297e-01,-5.050292964099746262e-01
6.250000000000000000e-01,-3.476221374046779000e-01
6.458333333333332593e-01,2.925933418651098239e-01
6.666666666666666297e-01,1.526357469144873358e-01
6.875000000000000000e-01,-5.045728157060335173e-01
7.083333333333332593e-01,-3.535007692731866880e-01
7.291666666666666297e-01,1.756215755413744750e-01
7.500000000000000000e-01,-2.956248234802894004e-02
7.708333333333332593e-01,-6.816940503920064787e-01
7.916666666666666297e-01,-5.369720327196427778e-01
8.125000000000000000e-01,1.133756368187296693e-01
8.333333333333332593e-01,-8.262703910250591630e-03
8.541666666666666297e-01,-6.681758716314146751e-01
8.750000000000000000e-01,-5.241660460286203804e-01
8.958333333333332593e-01,1.244135708988051703e-01
9.166666666666666297e-01,1.583712074301460437e-01
9.375000000000000000e-01,-3.072067432939192266e-01
9.583333333333332593e-01,-1.011151667201203308e-01
9.791666666666666297e-01,5.539232789662252854e-01
1.000000000000000000e+00,4.261821592892695021e-01
1.020833333333333259e+00,-2.323228653152072942e-01
1.041666666666666519e+00,-9.573455173912392979e-02
1.062500000000000000e+00,5.458016092951822884e-01
1.083333333333333259e+00,4.213145898272691037e-01
1.104166666666666519e+00,-2.361859718668204711e-01
1.125000000000000000e+00,-9.719326634487704397e-02
1.145833333333333259e+00,5.517216684231940338e-01
1.166666666666666519e+00,4.321575250829836623e-01
1.187500000000000000e+00,-2.238902567959177858e-01
1.208333333333333259e+00,-8.709955029775895419e-02
1.229166666666666519e+00,3.158705500940331423e-01
1.250000000000000000e+00,3.462244214494458738e-02
1.270833333333333259e+00,-5.790019685903503577e-01
1.291666666666666519e+00,-4.085100828542413964e-01
1.312500000000000000e+00,2.396003931135253229e-01
1.333333333333333259e+00,1.144218905686804622e-01
1.354166666666666519e+00,-5.145486245873301945e-01
1.375000000000000000e+00,-3.474326780521457270e-01
1.395833333333333259e+00,2.990125497121512987e-01
1.416666666666666519e+00,1.658236448916250716e-01
1.437500000000000000e+00,-3.760188538260313962e-01
1.458333333333333259e+00,-1.585973897658215503e-01
1.479166666666666519e+00,4.920350446573061864e-01
1.500000000000000000e+00,3.616010726793229546e-01
1.520833333333333259e+00,-2.837767971638069930e-01
1.541666666666666519e+00,-1.255542820599360732e-01
1.562500000000000000e+00,5.205958842972323586e-01
1.583333333333333259e+00,3.886775667747152663e-01
1.604166666666666519e+00,-2.686066845698378280e-01
1.625000000000000000e+00,-1.180615472383516606e-01
1.645833333333333259e+00,4.749833272653020133e-01
1.666666666666666519e+00,3.086245457942273229e-01
1.687500000000000000e+00,-3.495637002358814027e-01
1.708333333333333259e+00,-2.074048798706382979e-01
1.729166666666666519e+00,3.527522700906051689e-01
1.750000000000000000e+00,1.775416548220689061e-01
1.770833333333333259e+00,-4.773404172323070238e-01
1.791666666666666519e+00,-3.455574138200032119e-01
1.812500000000000000e+00,3.040168575485557856e-01
1.833333333333333259e+00,1.954597458581524561e-01
1.854166666666666519e+00,-4.668059069146985873e-01
1.875000000000000000e+00,-3.450454399451013954e-01
1.895833333333333259e+00,3.040476948920872724e-01
1.916666666666666519e+00,1.952040133476406203e-01
1.937500000000000000e+00,-4.600249350459861275e-01
1.958333333333333259e+00,-3.283157587567486213e-01
1.979166666666666519e+00,3.212696999232999007e-01
2.000000000000000000e+00,2.044397098771051358e-01
2.020833333333333037e+00,-4.548760965268574541e-01
2.041666666666666519e+00,-3.103634722175093730e-01
2.062500000000000000e+00,3.529879027255460877e-01
2.083333333333333037e+00,2.323189077909653122e-01
2.104166666666666519e+00,-4.115810376818472838e-01
2.125000000000000000e+00,-2.541404075644895233e-01
2.145833333333333037e+00,3.917257499479870342e-01
2.166666666666666519e+00,2.575815203933385922e-01
2.187500000000000000e+00,-3.987675947424067502e-01
2.208333333333333037e+00,-2.552789509746360430e-01
2.229166666666666519e+00,3.840765881096028789e-01
2.250000000000000000e+00,2.491400025446475763e-01
2.270833333333333037e+00,-4.070730488187936924e-01
2.291666666666666519e+00,-2.544353207838377928e-01
2.312500000000000000e+00,3.909785533738197039e-01
2.333333333333333037e+00,2.573040770919630682e-01
2.354166666666666519e+00,-3.991351748899685803e-01
2.375000000000000000e+00,-2.479894525053721321e-01
2.395833333333333037e+00,3.979181713355459116e-01
2.416666666666666519e+00,2.658287389739477091e-01
2.437500000000000000e+00,-3.912137791340486448e-01
2.458333333333333037e+00,-2.421971516764292176e-01
2.479166666666666519e+00,4.091376903010176536e-01
2.500000000000000000e+00,2.841420197591444374e-01
2.520833333333333037e+00,-3.740912685721192177e-01
2.541666666666666519e+00,-2.334038430397624431e-01
2.562500000000000000e+00,4.145785155575918424e-01
2.583333333333333037e+00,2.977040742157164299e-01
2.604166666666666519e+00,-3.632312003017360014e-01
2.625000000000000000e+00,-2.350717567724864565e-01
2.645833333333333037e+00,4.148983342124900053e-01
2.666666666666666519e+00,3.098116368269652199e-01
2.687500000000000000e+00,-3.347012028256141636e-01
2.708333333333333037e+00,-2.036155443323938719e-01
2.729166666666666519e+00,4.632397492435202935e-01
2.750000000000000000e+00,3.660813145193504425e-01
2.770833333333333037e+00,-2.734764448886381483e-01
2.791666666666666519e+00,-1.310759080896808926e-01
2.812500000000000000e+00,2.426009618185026029e-01
2.833333333333333037e+00,-5.621367956474335181e-02
2.854166666666666519e+00,-4.831632372315681212e-01
2.875000000000000000e+00,-1.962209012230535787e-01
2.895833333333333037e+00,4.814949359797059958e-01
2.916666666666666519e+00,3.753661292004330519e-01
2.937500000000000000e+00,-2.385751066756134908e-01
2.958333333333333037e+00,-2.333496668771543880e-01
2.979166666666666519e+00,2.383771311040187302e-01
3.000000000000000000e+00,6.045131665828440415e-02
3.020833333333333037e+00,-5.507724251648691283e-01
3.041666666666666519e+00,-3.810808527828187797e-01
3.062500000000000000e+00,2.990296240001472095e-01
3.083333333333333037e+00,1.902180822336815291e-01
3.104166666666666519e+00,-4.217925289021193791e-01
3.125000000000000000e+00,-2.480268873541456309e-01
3.145833333333333037e+00,4.435762344321493300e-01
3.166666666666666519e+00,3.366324901099191358e-01
3.187500000000000000e+00,-2.849581518561161708e-01
3.208333333333333037e+00,-1.182856732199432381e-01
3.229166666666666519e+00,4.453706072839244134e-01
3.250000000000000000e+00,2.615878760545981563e-01
3.270833333333333037e+00,-3.518290343007576260e-01
3.291666666666666519e+00,-1.798227323244294129e-01
3.312500000000000000e+00,4.756955947473634483e-01
3.333333333333333037e+00,3.485042855703219811e-01
3.354166666666666519e+00,-2.639240746723315878e-01
3.375000000000000000e+00,-1.715376007504265665e-01
3.395833333333333037e+00,2.065614170343155753e-01
3.416666666666666519e+00,-6.525957736677653886e-02
3.437500000000000000e+00,-4.996776822102486637e-01
3.458333333333333037e+00,-2.144322352181026736e-01
3.479166666666666519e+00,4.789592011825990481e-01
3.500000000000000000e+00,3.810097503577240530e-01
3.520833333333333037e+00,-2.417187533448870163e-01
3.541666666666666519e+00,-2.534040141196674534e-01
3.562500000000000000e+00,2.618278349998519605e-01
3.583333333333333037e+00,1.299734515361785636e-01
3.604166666666666519e+00,-4.854990589557867109e-01
3.625000000000000000e+00,-3.251408632350184513e-01
3.645833333333333037e+00,3.685352726741409901e-01
3.666666666666666519e+00,2.783826249778483808e-01
3.687500000000000000e+00,-3.369044866076878475e-01
3.708333333333333037e+00,-1.750683971861221599e-01
3.729166666666666519e+00,3.233675419764665548e-01
3.750000000000000000e+00,1.018909083188178077e-01
3.770833333333333037e+00,-5.128507186305358845e-01
3.791666666666666519e+00,-3.486277022987622765e-01
3.812500000000000000e+00,3.443573371842393316e-01
3.833333333333333037e+00,2.501736979167993313e-01
3.854166666666666519e+00,-3.643139339801320098e-01
3.875000000000000000e+00,-1.981579622902890914e-01
3.895833333333333037e+00,4.941331137856393996e-01
3.916666666666666519e+00,3.977129082335523758e-01
3.937500000000000000e+00,-2.166282473044170709e-01
3.958333333333333037e+00,-9.061169173662106391e-02
3.979166666666666519e+00,2.619624430704139417e-01
4.000000000000000000e+00,-4.329947554192929704e-02
4.020833333333333037e+00,-3.798106152377181410e-01
4.041666666666666075e+00,-2.462982191414837818e-02
4.062500000000000000e+00,2.781950117866588412e-01
4.083333333333333037e+00,-8.267488165450004312e-02
4.104166666666666075e+00,-2.073377370626475757e-01
4.125000000000000000e+00,2.946720903285118265e-01
4.145833333333333037e+00,2.004552097264190591e-01
4.166666666666666075e+00,-4.326999097035293396e-01
4.187500000000000000e+00,-2.808999262649143347e-01
4.208333333333333037e+00,4.030231225238994908e-01
4.229166666666666075e+00,3.020538667189225923e-01
4.250000000000000000e+00,-3.276105749452751792e-01
4.270833333333333037e+00,-1.566230105990128463e-01
4.291666666666666075e+00,5.364466931418931939e-01
4.312500000000000000e+00,4.433278453395828045e-01
4.333333333333333037e+00,-1.756502248208014483e-01
4.354166666666666075e+00,-2.068965448819867770e-01
4.375000000000000000e+00,2.768844911731739855e-01
4.395833333333333037e+00,1.371492069405461922e-01
4.416666666666666075e+00,-4.819870574010293174e-01
4.437500000000000000e+00,-3.108071329649794157e-01
4.458333333333333037e+00,3.599097842701578509e-01
4.479166666666666075e+00,2.514302576830068636e-01
4.500000000000000000e+00,-3.910202140735422605e-01
4.520833333333333037e+00,-2.393802689954697693e-01
4.541666666666666075e+00,4.035019170408384315e-01
4.562500000000000000e+00,2.789685614407424463e-01
4.583333333333333037e+00,-3.753898398546585691e-01
4.604166666666666075e+00,-2.405539385022680832e-01
4.625000000000000000e+00,3.058982076474928147e-01
4.645833333333333037e+00,1.253335713223664993e-01
4.666666666666666075e+00,-5.237908498513350608e-01
4.687500000000000000e+00,-3.891394309838585031e-01
4.708333333333333037e+00,2.439398452461142286e-01
4.729166666666666075e+00,1.206614370624236876e-01
4.750000000000000000e+00,-5.335305453486505201e-01
4.770833333333333037e+00,-3.971875666532416194e-01
4.791666666666666075e+00,2.459781638389610392e-01
4.812500000000000000e+00,1.202838657893775531e-01
4.833333333333333037e+00,-3.402621111021957856e-01
4.854166666666666075e+00,-6.220668317356886634e-02
4.875000000000000000e+00,5.911319260614702475e-01
4.895833333333333037e+00,4.646361217441269398e-01
4.916666666666666075e+00,-2.046684272402257143e-01
4.937500000000000000e+00,-6.657757998150526380e-02
4.958333333333333037e+00,5.617685389641636773e-01
4.979166666666666075e+00,4.184674898563179313e-01
5.000000000000000000e+00,-2.468582176818555352e-01
5.020833333333333037e+00,-1.133064312521440964e-01
5.041666666666666075e+00,3.828983918361299477e-01
5.062500000000000000e+00,1.585438558497640205e-01
5.083333333333333037e+00,-5.005649123997990557e-01
5.104166666666666075e+00,-3.755406253198617650e-01
5.125000000000000000e+00,2.501351553184156251e-01
5.145833333333333037e+00,1.292011037930845263e-01
5.166666666666666075e+00,-5.070362557203504927e-01
5.187500000000000000e+00,-3.760472739211994098e-01
5.208333333333333037e+00,2.324512070060024416e-01
5.229166666666666075e+00,1.151533731007666761e-01
5.250000000000000000e+00,-3.212483871242191036e-01
5.270833333333333037e+00,-8.105718770591177624e-02
5.291666666666666075e+00,5.035228299571590238e-01
5.312500000000000000e+00,3.895436192320583801e-01
5.333333333333333037e+00,-2.037941759297156596e-01
5.354166666666666075e+00,-8.258718230571295005e-02
5.375000000000000000e+00,3.888174622787859969e-01
5.395833333333333037e+00,1.990716949671493263e-01
5.416666666666666075e+00,-3.898521442923302271e-01
5.437500000000000000e+00,-2.942312518830337842e-01
5.458333333333333037e+00,2.530438738870458559e-01
5.479166666666666075e+00,1.002374251857336696e-01
5.500000000000000000e+00,-4.384033866771839261e-01
5.520833333333333037e+00,-3.088524597530456495e-01
5.541666666666666075e+00,2.437716467119860897e-01
5.562500000000000000e+00,8.761981902253945798e-02
5.583333333333333037e+00,-2.450742122687829816e-01
5.604166666666666075e+00,3.246483340426814523e-02
5.625000000000000000e+00,3.783630565485218700e-01
5.645833333333333037e+00,7.197054483915682477e-02
5.666666666666666075e+00,-2.516945000059064297e-01
5.687500000000000000e+00,4.729589809150215596e-02
5.708333333333333037e+00,3.313149657257722924e-01
5.729166666666666075e+00,-3.477738131513961883e-02
5.750000000000000000e+00,-1.249805034088162514e-01
5.770833333333333037e+00,3.514021408676514246e-01
5.791666666666666075e+00,1.799160960346396498e-01
5.812500000000000000e+00,-5.045065302617198766e-01
5.833333333333333037e+00,-3.984283276122539963e-01
5.854166666666666075e+00,2.248273711788450480e-01
5.875000000000000000e+00,7.774023683693778719e-02
5.895833333333333037e+00,-2.529834658370354594e-01
5.916666666666666075e+00,7.449935744397104265e-02
5.937500000000000000e+00,3.573907774170906881e-01
5.958333333333333037e+00,-1.830791553481292411e-02
5.979166666666666075e+00,-1.371866127545634528e-01
6.000000000000000000e+00,3.337099736007676509e-01
6.020833333333333037e+00,1.641678464470441579e-01
6.041666666666666075e+00,-5.201198178905032110e-01
6.062500000000000000e+00,-4.276711462988268542e-01
6.083333333333333037e+00,1.873459765922594611e-01
6.104166666666666075e+00,2.173788222332366238e-01
6.125000000000000000e+00,-2.716101581312857505e-01
6.145833333333333037e+00,-1.344601780766365162e-01
6.166666666666666075e+00,4.873286197244763862e-01
6.187500000000000000e+00,3.195250481078555360e-01
6.208333333333333037e+00,-3.591190731385374146e-01
6.229166666666666075e+00,-2.535062156794982702e-01
6.250000000000000000e+00,3.803104235647942200e-01
6.270833333333333037e+00,2.162243062971414276e-01
6.291666666666666075e+00,-4.758052407094354175e-01
6.312500000000000000e+00,-3.808663953050277495e-01
6.333333333333333037e+00,2.455964826376533239e-01
6.354166666666666075e+00,2.565984297986254603e-01
6.375000000000000000e+00,-2.474650287874374799e-01
6.395833333333333037e+00,-1.038293445215973249e-01
6.416666666666666075e+00,5.220652323918512083e-01
6.437500000000000000e+00,3.502289997854661219e-01
6.458333333333333037e+00,-3.393338658153025600e-01
6.479166666666666075e+00,-2.422156286313047469e-01
6.500000000000000000e+00,3.810839774222348764e-01
6.520833333333333037e+00,2.090835773787977359e-01
6.541666666666666075e+00,-4.515787402771971881e-01
6.562500000000000000e+00,-3.341338037424753660e-01
6.583333333333333037e+00,3.037939246872668475e-01
6.604166666666666075e+00,1.473163918704851472e-01
6.625000000000000000e+00,-2.247476686467473617e-01
6.645833333333333037e+00,7.854373223903024503e-02
6.666666666666666075e+00,4.599692092558359535e-01
6.687500000000000000e+00,1.418779675771142390e-01
6.708333333333333037e+00,-3.909291513199600332e-01
6.729166666666666075e+00,-1.952695742873779561e-01
6.750000000000000000e+00,4.656532198379537690e-01
6.770833333333333037e+00,3.484665115483737141e-01
6.791666666666666075e+00,-2.829649627978174653e-01
6.812500000000000000e+00,-1.419251617671417054e-01
6.833333333333333037e+00,4.551504087055044945e-01
6.854166666666666075e+00,2.912818926236800388e-01
6.875000000000000000e+00,-3.373007739505927693e-01
6.895833333333333037e+00,-1.953552402368986252e-01
6.916666666666666075e+00,2.341941633628608355e-01
6.937500000000000000e+00,-3.766439538675797616e-02
6.958333333333333037e+00,-6.635758819315500379e-01
6.979166666666666075e+00,-5.084735400777322667e-01
7.000000000000000000e+00,1.679036536337012719e-01
7.020833333333333037e+00,7.378486808567413791e-02
7.041666666666666075e+00,-5.443249006316164262e-01
7.062500000000000000e+00,-3.734145161683825043e-01
7.083333333333333037e+00,3.179011698619864656e-01
7.104166666666666075e+00,2.249537491084367402e-01
7.125000000000000000e+00,-3.995397674494685081e-01
7.145833333333333037e+00,-2.391999150884826508e-01
7.166666666666666075e+00,4.463781782338119286e-01
7.187500000000000000e+00,3.478500260585755677e-01
7.208333333333333037e+00,-2.779140847676994097e-01
7.229166666666666075e+00,-1.063623896895646570e-01
7.250000000000000000e+00,5.878038798703180134e-01
7.270833333333333037e+00,4.942706341680285775e-01
7.291666666666666075e+00,-1.292542985889492124e-01
7.312500000000000000e+00,-1.562011785858600232e-01
7.333333333333333037e+00,2.958320234350011457e-01
7.354166666666666075e+00,1.273229292030786941e-01
7.375000000000000000e+00,-5.125266464642439512e-01
7.395833333333333037e+00,-3.569884584565478636e-01
7.416666666666666075e+00,2.909454641626034732e-01
7.437500000000000000e+00,1.648612907643665360e-01
7.458333333333333037e+00,-4.931131225531769080e-01
7.479166666666666075e+00,-3.576240325032132295e-01
7.500000000000000000e+00,2.805061507471185989e-01
7.520833333333333037e+00,1.559993145087292810e-01
7.541666666666666075e+00,-4.169930590219337319e-01
7.562500000000000000e+00,-2.390962525515825665e-01
7.583333333333333037e+00,3.938494605009282834e-01
7.604166666666666075e+00,2.581060845438193918e-01
7.625000000000000000e+00,-4.070681419897039799e-01
7.645833333333333037e+00,-2.717254249772994013e-01
7.666666666666666075e+00,3.708683144215791927e-01
7.687500000000000000e+00,2.451188616753406380e-01
7.708333333333333037e+00,-1.986106382844508578e-01
7.729166666666666075e+00,8.813000920862751331e-02
7.750000000000000000e+00,6.628928535064089189e-01
7.770833333333333037e+00,4.869949511801627828e-01
7.791666666666666075e+00,-1.788211447728274561e-01
7.812500000000000000e+00,-4.152532390550692232e-02
7.833333333333333037e+00,5.072189975725627242e-01
7.854166666666666075e+00,3.141041922217747695e-01
7.875000000000000000e+00,-3.457143768198183698e-01
7.895833333333333037e+00,-2.102720161539723964e-01
7.916666666666666075e+00,4.329448158121647627e-01
7.937500000000000000e+00,3.049138307509151047e-01
7.958333333333333037e+00,-3.563551453834986615e-01
7.979166666666666075e+00,-2.205570823644815714e-01
8.000000000000000000e+00,1.633170398838550974e-01
8.020833333333332149e+00,-1.295347236558017645e-01
8.041666666666666075e+00,-6.209599758966997118e-01
8.062500000000000000e+00,-3.780470605849423071e-01
8.083333333333332149e+00,2.582800990215725068e-01
8.104166666666666075e+00,1.351266218203170388e-01
8.125000000000000000e+00,-5.198017704395472283e-01
8.145833333333332149e+00,-3.835292801528575879e-01
8.166666666666666075e+00,2.611100207726194666e-01
8.187500000000000000e+00,1.370969353119194656e-01
8.208333333333332149e+00,-5.175497426480348828e-01
8.229166666666666075e+00,-3.750865461051492433e-01
8.250000000000000000e+00,2.727651770978650747e-01
8.270833333333332149e+00,1.465878438244470061e-01
8.291666666666666075e+00,-4.837927227551434561e-01
8.312500000000000000e+00,-3.215794657105067733e-01
8.333333333333332149e+00,3.278657550750722627e-01
8.354166666666666075e+00,2.012763802406840608e-01
8.375000000000000000e+00,-2.226739936640120820e-01
8.395833333333332149e+00,7.109649821963964778e-02
8.416666666666666075e+00,6.766160972176499255e-01
8.437500000000000000e+00,5.228319765431495014e-01
8.458333333333332149e+00,-1.426856857593171157e-01
8.479166666666666075e+00,-5.992016952190207073e-03
8.500000000000000000e+00,5.197838598621999928e-01
8.520833333333332149e+00,3.158108636551954507e-01
8.541666666666666075e+00,-3.450256270544120873e-01
8.562500000000000000e+00,-2.083961670937776733e-01
8.583333333333332149e+00,4.359367959371300283e-01
8.604166666666666075e+00,3.100242600862905817e-01
8.625000000000000000e+00,-3.473583674634393437e-01
8.645833333333332149e+00,-2.139717298475636575e-01
8.666666666666666075e+00,4.265011252894341798e-01
8.687500000000000000e+00,2.988539919256269495e-01
8.708333333333332149e+00,-3.611041254505746867e-01
8.729166666666666075e+00,-2.254416760834874189e-01
8.750000000000000000e+00,2.347896061121342304e-01
8.770833333333332149e+00,-6.979902121540260129e-03
8.791666666666666075e+00,-6.605308955837203566e-01
8.812500000000000000e+00,-5.246649206004806443e-01
8.833333333333332149e+00,1.133493629754854931e-01
8.854166666666666075e+00,-1.066491950818287959e-02
8.875000000000000000e+00,-4.268982734851858307e-01
8.895833333333332149e+00,-1.350653950716631801e-01
8.916666666666666075e+00,5.058203651568821124e-01
8.937500000000000000e+00,3.797378186018068313e-01
8.958333333333332149e+00,-2.861823990780798521e-01
8.979166666666666075e+00,-1.566611718404255504e-01
9.000000000000000000e+00,4.443436477065665913e-01
9.020833333333332149e+00,2.885900443999677156e-01
9.041666666666666075e+00,-3.794310412300906377e-01
9.062500000000000000e+00,-2.423498213476069085e-01
9.083333333333332149e+00,4.084854083377611467e-01
9.104166666666666075e+00,2.813225997408219103e-01
9.125000000000000000e+00,-3.800588163642086847e-01
9.145833333333332149e+00,-2.389156081076132532e-01
9.166666666666666075e+00,4.120107588315872205e-01
9.187500000000000000e+00,2.868610964091611315e-01
9.208333333333332149e+00,-3.774049906155722001e-01
9.229166666666666075e+00,-2.405025526666423885e-01
9.250000000000000000e+00,3.766415430203241543e-01
9.270833333333332149e+00,2.349074917568456100e-01
9.291666666666666075e+00,-4.238399399150832858e-01
9.312500000000000000e+00,-2.874722598437083887e-01
9.333333333333332149e+00,3.546759186354992988e-01
9.354166666666666075e+00,2.294344149157900303e-01
9.375000000000000000e+00,-4.276271017610223657e-01
9.395833333333332149e+00,-2.981781021795143483e-01
9.416666666666666075e+00,3.389845778635654505e-01
9.437500000000000000e+00,2.111028816657821439e-01
9.458333333333332149e+00,-4.473608944044111801e-01
9.479166666666666075e+00,-3.118341129966750169e-01
9.500000000000000000e+00,3.241922937072516664e-01
9.520833333333332149e+00,2.006120873375603075e-01
9.541666666666666075e+00,-4.529682428150385021e-01
9.562500000000000000e+00,-3.174484632805197881e-01
9.583333333333332149e+00,3.209916796755825086e-01
9.604166666666666075e+00,1.963442028972828268e-01
9.625000000000000000e+00,-4.649762004635709656e-01
9.645833333333332149e+00,-3.473267501419915471e-01
9.666666666666666075e+00,2.860045207192590810e-01
9.687500000000000000e+00,1.479723175135213287e-01
9.708333333333332149e+00,-2.880285053484094027e-01
9.729166666666666075e+00,-3.256673621069738900e-03
9.750000000000000000e+00,6.375225616786888150e-01
9.770833333333332149e+00,5.110956764112485340e-01
9.791666666666666075e+00,-1.537136907402537889e-01
9.812500000000000000e+00,-2.122440880696879750e-02
9.833333333333332149e+00,4.645102563715713395e-01
9.854166666666666075e+00,2.306924204978559878e-01
9.875000000000000000e+00,-4.385226593682124419e-01
9.895833333333332149e+00,-3.092545109501781964e-01
9.916666666666666075e+00,3.365983306582277512e-01
9.937500000000000000e+00,2.099498521155792330e-01
9.958333333333332149e+00,-4.573270999758909383e-01
9.979166666666666075e+00,-3.193368518210473184e-01
1.000000000000000000e+01,3.296903480559369992e-01
1.002083333333333215e+01,5.784204062168932792e-01
1.004166666666666607e+01,5.778364759863503508e-01
1.006250000000000000e+01,5.771392942261421855e-01
1.008333333333333215e+01,5.763302146658204617e-01
1.010416666666666607e+01,5.754105183457649542e-01
1.012500000000000000e+01,5.743814148756235527e-01
1.014583333333333215e+01,5.732440436947481288e-01
1.016666666666666607e+01,5.719994753327606318e-01
1.018750000000000000e+01,5.706487126690769074e-01
1.020833333333333215e+01,5.691926921909120640e-01
1.022916666666666607e+01,5.676322852498756344e-01
1.025000000000000000e+01,5.659682993178849486e-01
1.027083333333333215e+01,5.642014792437159976e-01
1.029166666666666607e+01,5.623325085119517119e-01
1.031250000000000000e+01,5.603620105068083390e-01
1.033333333333333215e+01,5.582905497834591557e-01
1.035416666666666607e+01,5.561186333504899437e-01
1.037500000000000000e+01,5.538467119670467120e-01
1.039583333333333215e+01,5.514751814590388435e-01
1.041666666666666607e+01,5.490043840591298796e-01
1.043750000000000000e+01,5.449191853789541184e-01
1.045833333333333215e+01,2.097767442009317307e-01
1.047916666666666607e+01,-4.025834445661291561e-01
1.050000000000000000e+01,-1.134133391560404380e+00
1.052083333333333215e+01,-1.909214102156552073e+00
1.054166666666666607e+01,-2.690428875330312941e+00
1.056250000000000000e+01,-3.505319699741373363e+00
1.058333333333333215e+01,-4.366385279577649214e+00
1.060416666666666607e+01,-4.861172002213772991e+00
1.062500000000000000e+01,-5.430504915249111164e+00
1.064583333333333215e+01,-5.546913009182190102e+00
1.066666666666666607e+01,-5.350196682948655358e+00
1.068750000000000000e+01,-5.073425810529076152e+00
1.070833333333333215e+01,-4.492672787873743800e+00
1.072916666666666607e+01,-3.658211244146142960e+00
1.075000000000000000e+01,-2.770701309593791350e+00
1.077083333333333215e+01,-1.798335086022557761e+00
1.079166666666666607e+01,-3.302408026071912417e-01
1.081250000000000000e+01,5.847628397596533745e-01
1.083333333333333215e+01,3.960683281344454798e-01
1.085416666666666607e+01,-3.268028149306072550e-01
1.087500000000000000e+01,-4.610531142343798905e-01
1.089583333333333215e+01,1.531762928650005406e+00
1.091666666666666607e+01,2.830335107692986796e+00
1.093750000000000000e+01,2.945734663690577904e+00
1.095833333333333215e+01,3.177629961756650800e+00
1.097916666666666607e+01,3.523411314387391968e+00
1.100000000000000000e+01,3.978299866733967960e+00
1.102083333333333215e+01,4.528368195011551300e+00
1.104166666666666607e+01,4.235786342045423147e+00
1.106250000000000000e+01,3.799663362902307551e+00
1.108333333333333215e+01,4.115424776758659142e+00
1.110416666666666607e+01,4.774724940586233757e+00
1.112500000000000000e+01,4.626893004224406525e+00
1.114583333333333215e+01,3.920923488033461801e+00
1.116666666666666607e+01,3.995268060270058097e+00
1.118750000000000000e+01,3.783901714161054031e+00
1.120833333333333215e+01,3.612550258178189644e+00
1.122916666666666607e+01,4.009289425441215471e+00
1.125000000000000000e+01,3.955832126106156643e+00
1.127083333333333215e+01,3.043638783596939845e+00
1.129166666666666607e+01,2.006411700588191849e+00
1.131250000000000000e+01,2.258094162762402490e+00
1.133333333333333215e+01,1.326004752631172323e+01
1.135416666666666607e+01,-7.296203134795241851e+00
1.137500000000000000e+01,3.362907243932843571e+00
1.139583333333333215e+01,4.217983650581036414e+00
1.141666666666666607e+01,3.910762973527305064e+00
1.143750000000000000e+01,3.695345089435061681e+00
1.145833333333333215e+01,3.530928199390103828e+00
1.147916666666666607e+01,3.480712255018229229e+00
1.150000000000000000e+01,3.944102219849334290e+00
1.152083333333333215e+01,3.708264518107185381e+00
1.154166666666666607e+01,1.609438549686885267e+00
1.156250000000000000e+01,-3.117441876269349876e+00
1.158333333333333215e+01,-7.810254699133629686e+00
1.160416666666666607e+01,-1.127572545799949566e+01
1.162500000000000000e+01,-1.218504373805271257e+01
1.164583333333333215e+01,-1.292028995440510997e+01
1.166666666666666607e+01,-2.354001206679654246e+01
1.168750000000000000e+01,-1.887331472719950654e+01
1.170833333333333215e+01,2.201344020579777805e+01
1.172916666666666607e+01,-6.278707186788196282e+00
1.175000000000000000e+01,-3.156961891665349462e+00
1.177083333333333215e+01,-1.577465376262199293e-01
1.179166666666666607e+01,3.957830851355742752e+00
1.181250000000000000e+01,1.155448577686296607e+00
1.183333333333333215e+01,-6.129389042138750909e-01
1.185416666666666607e+01,1.994729998028772489e-01
1.187500000000000000e+01,5.298810307649504114e-01
1.189583333333333215e+01,3.493067369343144657e-01
1.191666666666666607e+01,2.263378630096040123e-01
1.193750000000000000e+01,1.425025615972665416e-01
1.195833333333333215e+01,8.628468815811499160e-02
1.197916666666666607e+01,5.068847546758079026e-02
